Date,Open,High,Low,Close,Adj. Close,Volume
2015-01-02,27.85,27.86,26.84,27.33,24.86,212818400.0
2015-01-05,27.07,27.16,26.35,26.56,24.16,257142000.0
2015-01-06,26.64,26.86,26.16,26.57,24.16,263188400.0
2015-01-07,26.8,27.05,26.67,26.94,24.5,160423600.0
2015-01-08,27.31,28.04,27.17,27.97,25.44,237458000.0
2015-01-09,28.17,28.31,27.55,28.0,25.47,214798000.0
2015-01-12,28.15,28.16,27.2,27.31,24.84,198603200.0
2015-01-13,27.86,28.2,27.23,27.56,25.06,268367600.0
2015-01-14,27.26,27.62,27.13,27.45,24.97,195826400.0
2015-01-15,27.5,27.51,26.67,26.7,24.29,240056000.0
2015-01-16,26.76,26.9,26.3,26.5,24.1,314053200.0
2015-01-20,26.96,27.24,26.63,27.18,24.72,199599600.0
2015-01-21,27.24,27.76,27.07,27.39,24.91,194303600.0
2015-01-22,27.57,28.12,27.43,28.1,25.56,215185600.0
2015-01-23,28.08,28.44,27.88,28.25,25.69,185859200.0
2015-01-26,28.43,28.59,28.2,28.27,25.72,222460000.0
2015-01-27,28.1,28.12,27.26,27.28,24.82,382274800.0
2015-01-28,29.41,29.53,28.83,28.83,26.22,585908400.0
2015-01-29,29.08,29.8,28.89,29.73,27.04,337745600.0
2015-01-30,29.6,30.0,29.21,29.29,26.64,334982000.0
2015-02-02,29.51,29.79,29.02,29.66,26.98,250956400.0
2015-02-03,29.63,29.77,29.4,29.66,26.98,207662800.0
2015-02-04,29.63,30.13,29.58,29.89,27.19,280598800.0
2015-02-05,30.0,30.06,29.81,29.99,27.38,168984800.0
2015-02-06,30.0,30.06,29.61,29.73,27.15,174826400.0
2015-02-09,29.64,29.96,29.61,29.93,27.33,155559200.0
2015-02-10,30.04,30.54,30.04,30.5,27.86,248034000.0
2015-02-11,30.69,31.23,30.63,31.22,28.51,294247200.0
2015-02-12,31.51,31.87,31.39,31.61,28.87,297898000.0
2015-02-13,31.82,31.82,31.41,31.77,29.01,217088800.0
2015-02-17,31.87,32.22,31.73,31.96,29.18,252609600.0
2015-02-18,31.91,32.19,31.86,32.18,29.39,179566800.0
2015-02-19,32.12,32.26,32.08,32.11,29.32,149449600.0
2015-02-20,32.15,32.38,32.01,32.38,29.56,195793600.0
2015-02-23,32.51,33.25,32.42,33.25,30.36,283896400.0
2015-02-24,33.24,33.4,32.79,33.04,30.17,276912400.0
2015-02-25,32.89,32.9,32.04,32.2,29.4,298846800.0
2015-02-26,32.2,32.72,31.65,32.6,29.77,365150000.0
2015-02-27,32.5,32.64,32.06,32.12,29.33,248059200.0
2015-03-02,32.31,32.57,32.08,32.27,29.47,192386800.0
2015-03-03,32.24,32.38,32.02,32.34,29.53,151265200.0
2015-03-04,32.28,32.39,32.08,32.13,29.35,126665200.0
2015-03-05,32.15,32.19,31.44,31.6,28.86,226068400.0
2015-03-06,32.1,32.34,31.57,31.65,28.9,291368400.0
2015-03-09,31.99,32.39,31.26,31.78,29.03,354114000.0
2015-03-10,31.6,31.81,30.95,31.13,28.43,275426400.0
2015-03-11,31.19,31.19,30.53,30.56,27.91,275756000.0
2015-03-12,30.58,31.23,30.41,31.11,28.41,193450800.0
2015-03-13,31.1,31.35,30.65,30.9,28.22,207309200.0
2015-03-16,30.97,31.24,30.72,31.24,28.53,143497200.0
2015-03-17,31.48,31.83,31.41,31.76,29.0,204092400.0
2015-03-18,31.75,32.29,31.59,32.12,29.33,261083600.0
2015-03-19,32.19,32.31,31.85,31.88,29.11,183238000.0
2015-03-20,32.06,32.1,31.29,31.48,28.74,274780400.0
2015-03-23,31.78,31.96,31.63,31.8,29.04,150838800.0
2015-03-24,31.81,32.01,31.64,31.67,28.92,131369200.0
2015-03-25,31.64,31.7,30.84,30.84,28.17,206620800.0
2015-03-26,30.69,31.22,30.65,31.06,28.36,190291600.0
2015-03-27,31.14,31.17,30.73,30.81,28.14,158184800.0
2015-03-30,31.01,31.6,31.0,31.59,28.85,188398800.0
2015-03-31,31.52,31.62,31.09,31.11,28.41,168362400.0
2015-04-01,31.2,31.28,30.77,31.06,28.37,162485600.0
2015-04-02,31.26,31.39,31.05,31.33,28.61,128880400.0
2015-04-06,31.12,31.88,31.08,31.84,29.07,148776000.0
2015-04-07,31.91,32.03,31.5,31.5,28.77,140049200.0
2015-04-08,31.46,31.6,31.24,31.4,28.67,149316800.0
2015-04-09,31.46,31.65,31.17,31.64,28.89,129936000.0
2015-04-10,31.49,31.8,31.32,31.77,29.02,160752000.0
2015-04-13,32.09,32.14,31.65,31.71,28.96,145460400.0
2015-04-14,31.75,31.82,31.48,31.58,28.83,102098400.0
2015-04-15,31.6,31.78,31.5,31.69,28.94,115881600.0
2015-04-16,31.57,31.77,31.53,31.54,28.8,113476000.0
2015-04-17,31.39,31.53,31.11,31.19,28.48,207828000.0
2015-04-20,31.39,32.03,31.29,31.9,29.13,188217200.0
2015-04-21,32.03,32.05,31.67,31.73,28.97,129740400.0
2015-04-22,31.75,32.22,31.58,32.15,29.36,150618000.0
2015-04-23,32.08,32.6,32.03,32.42,29.6,183083600.0
2015-04-24,32.62,32.66,32.31,32.57,29.74,178103600.0
2015-04-27,33.08,33.28,32.79,33.16,30.28,387816800.0
2015-04-28,33.62,33.63,32.39,32.64,29.81,475696000.0
2015-04-29,32.54,32.9,32.08,32.16,29.37,253544400.0
2015-04-30,32.16,32.16,31.15,31.29,28.57,332781600.0
2015-05-01,31.52,32.53,31.33,32.24,29.44,234050400.0
2015-05-04,32.38,32.64,32.06,32.17,29.38,203953200.0
2015-05-05,32.04,32.11,31.44,31.45,28.72,197085600.0
2015-05-06,31.64,31.69,30.84,31.25,28.54,288564000.0
2015-05-07,31.19,31.52,31.0,31.32,28.72,175763600.0
2015-05-08,31.67,31.91,31.53,31.91,29.26,222201600.0
2015-05-11,31.85,31.89,31.41,31.58,28.96,168143200.0
2015-05-12,31.4,31.72,31.2,31.47,28.86,192640000.0
2015-05-13,31.54,31.8,31.47,31.5,28.89,138776800.0
2015-05-14,31.85,32.24,31.79,32.24,29.56,180814000.0
2015-05-15,32.27,32.37,32.05,32.19,29.52,152832000.0
2015-05-18,32.1,32.68,32.09,32.55,29.85,203531600.0
2015-05-19,32.67,32.72,32.41,32.52,29.82,178532800.0
2015-05-20,32.5,32.74,32.33,32.51,29.82,145819600.0
2015-05-21,32.52,32.91,32.46,32.85,30.12,158921600.0
2015-05-22,32.9,33.24,32.85,33.13,30.38,182384000.0
2015-05-26,33.15,33.23,32.28,32.4,29.72,282790400.0
2015-05-27,32.58,33.06,32.51,33.01,30.27,183332800.0
2015-05-28,32.97,32.99,32.78,32.94,30.21,122933200.0
2015-05-29,32.81,32.86,32.47,32.57,29.87,203538000.0
2015-06-01,32.57,32.85,32.51,32.63,29.93,128451200.0
2015-06-02,32.47,32.67,32.33,32.49,29.79,134670400.0
2015-06-03,32.67,32.74,32.47,32.53,29.83,123934000.0
2015-06-04,32.4,32.65,32.23,32.34,29.66,153800400.0
2015-06-05,32.38,32.42,32.09,32.16,29.49,142507200.0
2015-06-08,32.22,32.3,31.71,31.95,29.3,210699200.0
2015-06-09,31.67,32.02,31.41,31.85,29.21,224301600.0
2015-06-10,31.98,32.33,31.96,32.22,29.55,156349200.0
2015-06-11,32.29,32.54,32.12,32.15,29.48,141563600.0
2015-06-12,32.05,32.08,31.78,31.79,29.15,147544800.0
2015-06-15,31.52,31.81,31.43,31.73,29.1,175955600.0
2015-06-16,31.76,31.96,31.59,31.9,29.25,125976400.0
2015-06-17,31.93,31.97,31.68,31.83,29.18,131672400.0
2015-06-18,31.81,32.08,31.81,31.97,29.32,141628800.0
2015-06-19,31.93,31.95,31.6,31.65,29.02,218867600.0
2015-06-22,31.87,32.01,31.77,31.9,29.25,136157200.0
2015-06-23,31.87,31.9,31.72,31.76,29.12,121075600.0
2015-06-24,31.8,32.45,31.78,32.03,29.37,221123600.0
2015-06-25,32.22,32.3,31.88,31.88,29.23,127752400.0
2015-06-26,31.92,32.0,31.63,31.69,29.06,176267200.0
2015-06-29,31.36,31.62,31.12,31.13,28.55,196645600.0
2015-06-30,31.39,31.53,31.22,31.36,28.75,177482800.0
2015-07-01,31.73,31.74,31.5,31.65,29.02,120955200.0
2015-07-02,31.61,31.67,31.44,31.61,28.99,108844000.0
2015-07-06,31.24,31.56,31.21,31.5,28.89,112241600.0
2015-07-07,31.47,31.54,30.94,31.42,28.81,187787200.0
2015-07-08,31.12,31.16,30.64,30.64,28.1,243046400.0
2015-07-09,30.96,31.01,29.81,30.02,27.53,314380000.0
2015-07-10,30.49,30.96,30.3,30.82,28.26,245418000.0
2015-07-13,31.26,31.44,31.08,31.42,28.81,165762000.0
2015-07-14,31.51,31.59,31.26,31.4,28.8,127072400.0
2015-07-15,31.43,31.79,31.4,31.7,29.07,134596800.0
2015-07-16,31.93,32.14,31.84,32.13,29.46,144889600.0
2015-07-17,32.27,32.4,32.08,32.4,29.72,184658800.0
2015-07-20,32.74,33.24,32.67,33.02,30.28,235600800.0
2015-07-21,33.21,33.23,32.58,32.69,29.97,307025600.0
2015-07-22,30.5,31.38,30.5,31.31,28.71,461802400.0
2015-07-23,31.55,31.77,31.26,31.29,28.69,203998000.0
2015-07-24,31.33,31.43,30.98,31.13,28.54,168649200.0
2015-07-27,30.77,30.9,30.53,30.69,28.14,177822000.0
2015-07-28,30.84,30.98,30.64,30.84,28.28,134472400.0
2015-07-29,30.79,30.88,30.57,30.75,28.2,148046800.0
2015-07-30,30.58,30.64,30.43,30.59,28.05,134513200.0
2015-07-31,30.65,30.66,30.23,30.33,27.81,171540000.0
2015-08-03,30.38,30.64,29.38,29.61,27.15,279904000.0
2015-08-04,29.35,29.42,28.31,28.66,26.28,496554400.0
2015-08-05,28.24,29.36,28.02,28.85,26.46,397250400.0
2015-08-06,28.99,29.13,28.53,28.78,26.51,211612000.0
2015-08-07,28.65,29.06,28.63,28.88,26.6,154681600.0
2015-08-10,29.13,30.0,29.13,29.93,27.57,219806400.0
2015-08-11,29.45,29.55,28.33,28.37,26.14,388331200.0
2015-08-12,28.13,28.85,27.41,28.81,26.54,404870000.0
2015-08-13,29.01,29.1,28.64,28.79,26.52,194143200.0
2015-08-14,28.58,29.08,28.5,28.99,26.7,171718000.0
2015-08-17,29.01,29.41,28.88,29.29,26.98,163538800.0
2015-08-18,29.11,29.36,29.0,29.13,26.83,138242800.0
2015-08-19,29.02,29.13,28.67,28.75,26.49,193146000.0
2015-08-20,28.52,28.59,27.91,28.16,25.94,274006400.0
2015-08-21,27.61,27.98,26.41,26.44,24.36,513102000.0
2015-08-24,23.72,27.2,23.0,25.78,23.75,648825200.0
2015-08-25,27.78,27.78,25.88,25.93,23.89,414406400.0
2015-08-26,26.77,27.47,26.26,27.42,25.26,387098400.0
2015-08-27,28.06,28.31,27.5,28.23,26.0,338464400.0
2015-08-28,28.04,28.33,27.89,28.32,26.09,212657600.0
2015-08-31,28.01,28.63,28.0,28.19,25.97,224917200.0
2015-09-01,27.54,27.97,26.84,26.93,24.81,307383600.0
2015-09-02,27.56,28.08,27.28,28.08,25.87,247555200.0
2015-09-03,28.12,28.19,27.51,27.59,25.42,212935600.0
2015-09-04,27.24,27.61,27.13,27.32,25.16,199985200.0
2015-09-08,27.94,28.14,27.58,28.08,25.86,219374400.0
2015-09-09,28.44,28.5,27.44,27.54,25.37,340043200.0
2015-09-10,27.57,28.32,27.48,28.14,25.92,251571200.0
2015-09-11,27.95,28.55,27.94,28.55,26.3,199662000.0
2015-09-14,29.15,29.22,28.72,28.83,26.55,233453600.0
2015-09-15,28.98,29.13,28.6,29.07,26.78,173364800.0
2015-09-16,29.06,29.14,28.86,29.1,26.81,148694000.0
2015-09-17,28.92,29.12,28.43,28.48,26.23,256450400.0
2015-09-18,28.05,28.58,27.97,28.36,26.13,297141200.0
2015-09-21,28.42,28.84,28.42,28.8,26.53,200888000.0
2015-09-22,28.34,28.55,28.13,28.35,26.11,201384800.0
2015-09-23,28.41,28.68,28.33,28.58,26.33,143026800.0
2015-09-24,28.31,28.88,28.09,28.75,26.48,200878000.0
2015-09-25,29.11,29.17,28.5,28.68,26.42,224607600.0
2015-09-28,28.46,28.64,28.11,28.11,25.89,208436000.0
2015-09-29,28.21,28.38,26.97,27.26,25.12,293461600.0
2015-09-30,27.54,27.89,27.18,27.58,25.4,265892000.0
2015-10-01,27.27,27.41,26.83,27.4,25.23,255716400.0
2015-10-02,27.0,27.75,26.89,27.59,25.42,232079200.0
2015-10-05,27.47,27.84,27.27,27.69,25.51,208258800.0
2015-10-06,27.66,27.93,27.44,27.83,25.63,192787200.0
2015-10-07,27.93,27.94,27.35,27.69,25.51,187062400.0
2015-10-08,27.55,27.55,27.05,27.38,25.22,247918400.0
2015-10-09,27.5,28.07,27.37,28.03,25.82,211064400.0
2015-10-12,28.18,28.19,27.86,27.9,25.7,121868800.0
2015-10-13,27.7,28.11,27.67,27.95,25.74,132197200.0
2015-10-14,27.82,27.88,27.39,27.55,25.38,177849600.0
2015-10-15,27.73,28.02,27.62,27.97,25.76,150694000.0
2015-10-16,27.94,28.0,27.63,27.76,25.57,156930400.0
2015-10-19,27.7,27.94,27.53,27.93,25.73,119036800.0
2015-10-20,27.83,28.54,27.7,28.44,26.2,195871200.0
2015-10-21,28.5,28.9,28.42,28.44,26.2,167180800.0
2015-10-22,28.58,28.88,28.52,28.88,26.6,166616400.0
2015-10-23,29.17,29.81,29.08,29.77,27.42,237467600.0
2015-10-26,29.52,29.53,28.73,28.82,26.55,265335200.0
2015-10-27,28.85,29.14,28.5,28.64,26.38,279537600.0
2015-10-28,29.23,29.83,29.01,29.82,27.47,342205600.0
2015-10-29,29.67,30.17,29.57,30.13,27.76,204909200.0
2015-10-30,30.25,30.31,29.86,29.88,27.52,197461200.0
2015-11-02,30.2,30.34,29.9,30.3,27.91,128813200.0
2015-11-03,30.2,30.87,30.17,30.64,28.23,182076000.0
2015-11-04,30.78,30.95,30.41,30.5,28.09,179544400.0
2015-11-05,30.46,30.67,30.05,30.23,27.97,158210800.0
2015-11-06,30.28,30.45,30.16,30.26,28.0,132169200.0
2015-11-09,30.24,30.45,30.01,30.14,27.88,135485600.0
2015-11-10,29.23,29.52,29.01,29.19,27.01,236511600.0
2015-11-11,29.09,29.35,28.8,29.03,26.85,180872000.0
2015-11-12,29.07,29.2,28.91,28.93,26.76,130102400.0
2015-11-13,28.8,28.89,28.07,28.08,25.98,183249600.0
2015-11-16,27.84,28.56,27.75,28.55,26.41,152426800.0
2015-11-17,28.73,28.76,28.33,28.42,26.29,110467600.0
2015-11-18,28.94,29.37,28.88,29.32,27.13,186698800.0
2015-11-19,29.41,29.94,29.19,29.69,27.47,173183200.0
2015-11-20,29.8,29.98,29.71,29.83,27.59,137148400.0
2015-11-23,29.82,29.93,29.33,29.44,27.23,129930000.0
2015-11-24,29.33,29.84,29.28,29.72,27.49,171212800.0
2015-11-25,29.8,29.81,29.48,29.51,27.3,85553200.0
2015-11-27,29.57,29.6,29.4,29.45,27.25,52185600.0
2015-11-30,29.5,29.85,29.44,29.58,27.36,156721200.0
2015-12-01,29.69,29.7,29.22,29.33,27.14,139409600.0
2015-12-02,29.33,29.53,29.02,29.07,26.89,133546400.0
2015-12-03,29.14,29.2,28.56,28.8,26.64,166278000.0
2015-12-04,28.82,29.81,28.78,29.76,27.53,231108000.0
2015-12-07,29.75,29.97,29.45,29.57,27.35,128336800.0
2015-12-08,29.38,29.65,29.22,29.56,27.34,137238000.0
2015-12-09,29.41,29.42,28.77,28.91,26.74,185445600.0
2015-12-10,29.01,29.24,28.88,29.04,26.87,116850800.0
2015-12-11,28.8,28.85,28.21,28.3,26.18,187544800.0
2015-12-14,28.05,28.17,27.45,28.12,26.01,257274800.0
2015-12-15,27.99,28.2,27.59,27.62,25.55,213292400.0
2015-12-16,27.77,28.0,27.2,27.83,25.75,224954000.0
2015-12-17,28.0,28.06,27.25,27.25,25.2,179091200.0
2015-12-18,27.23,27.38,26.45,26.51,24.52,385813200.0
2015-12-21,26.82,26.84,26.39,26.83,24.82,190362400.0
2015-12-22,26.85,26.93,26.61,26.81,24.8,131157600.0
2015-12-23,26.82,27.21,26.8,27.15,25.12,130629600.0
2015-12-24,27.25,27.25,26.99,27.01,24.98,54281600.0
2015-12-28,26.9,26.92,26.55,26.7,24.7,106816800.0
2015-12-29,26.74,27.36,26.72,27.18,25.15,123724800.0
2015-12-30,27.15,27.17,26.8,26.83,24.82,100855200.0
2015-12-31,26.75,26.76,26.2,26.32,24.34,163649200.0
2016-01-04,25.65,26.34,25.5,26.34,24.36,270597600.0
2016-01-05,26.44,26.46,25.6,25.68,23.75,223164000.0
2016-01-06,25.14,25.59,24.97,25.17,23.29,273829600.0
2016-01-07,24.67,25.03,24.11,24.11,22.31,324377600.0
2016-01-08,24.64,24.78,24.19,24.24,22.42,283192000.0
2016-01-11,24.74,24.76,24.33,24.63,22.79,198957600.0
2016-01-12,25.14,25.17,24.71,24.99,23.12,196616800.0
2016-01-13,25.08,25.3,24.33,24.35,22.52,249758400.0
2016-01-14,24.49,25.12,23.93,24.88,23.02,252680400.0
2016-01-15,24.05,24.43,23.84,24.28,22.46,319335600.0
2016-01-19,24.6,24.66,23.88,24.17,22.35,212350800.0
2016-01-20,23.77,24.55,23.35,24.2,22.38,289337600.0
2016-01-21,24.26,24.47,23.74,24.08,22.27,208646000.0
2016-01-22,24.66,25.36,24.59,25.35,23.46,263202000.0
2016-01-25,25.38,25.38,24.8,24.86,23.0,207178000.0
2016-01-26,24.98,25.22,24.52,25.0,23.12,300308000.0
2016-01-27,24.01,24.16,23.33,23.35,21.61,533478800.0
2016-01-28,23.45,23.63,23.1,23.52,21.76,222715200.0
2016-01-29,23.7,24.33,23.59,24.33,22.51,257666000.0
2016-02-01,24.12,24.18,23.85,24.11,22.3,163774000.0
2016-02-02,23.85,24.01,23.57,23.62,21.85,149428800.0
2016-02-03,23.75,24.21,23.52,24.09,22.28,183857200.0
2016-02-04,23.97,24.33,23.8,24.15,22.46,185886800.0
2016-02-05,24.13,24.23,23.42,23.5,21.86,185672400.0
2016-02-08,23.28,23.92,23.26,23.75,22.09,216085600.0
2016-02-09,23.57,23.99,23.48,23.75,22.09,177324800.0
2016-02-10,23.98,24.09,23.52,23.57,21.92,169374400.0
2016-02-11,23.45,23.68,23.15,23.42,21.79,200298800.0
2016-02-12,23.55,23.63,23.25,23.5,21.86,161405600.0
2016-02-16,23.75,24.21,23.65,24.16,22.47,196231600.0
2016-02-17,24.17,24.55,24.04,24.53,22.82,179452800.0
2016-02-18,24.71,24.72,24.02,24.07,22.38,156084000.0
2016-02-19,24.0,24.19,23.95,24.01,22.33,141496800.0
2016-02-22,24.08,24.23,23.98,24.22,22.53,137123200.0
2016-02-23,24.1,24.13,23.64,23.67,22.02,127770400.0
2016-02-24,23.5,24.09,23.33,24.02,22.35,145022800.0
2016-02-25,24.01,24.19,23.81,24.19,22.5,110330800.0
2016-02-26,24.3,24.5,24.15,24.23,22.53,115964400.0
2016-02-29,24.22,24.56,24.16,24.17,22.48,140865200.0
2016-03-01,24.41,25.19,24.35,25.13,23.38,201628400.0
2016-03-02,25.13,25.22,24.91,25.19,23.43,132678400.0
2016-03-03,25.15,25.43,25.11,25.38,23.6,147822800.0
2016-03-04,25.59,25.94,25.34,25.75,23.95,184220400.0
2016-03-07,25.6,25.71,25.24,25.47,23.69,143315600.0
2016-03-08,25.19,25.44,25.1,25.26,23.49,126247600.0
2016-03-09,25.33,25.4,25.07,25.28,23.51,108806800.0
2016-03-10,25.35,25.56,25.04,25.29,23.52,134054400.0
2016-03-11,25.56,25.57,25.38,25.57,23.78,109632800.0
2016-03-14,25.48,25.73,25.44,25.63,23.84,100304400.0
2016-03-15,25.99,26.3,25.96,26.15,24.32,160270800.0
2016-03-16,26.15,26.58,26.15,26.49,24.64,153214000.0
2016-03-17,26.38,26.62,26.24,26.45,24.6,137682800.0
2016-03-18,26.58,26.63,26.3,26.48,24.63,176820800.0
2016-03-21,26.48,26.91,26.28,26.48,24.63,142010800.0
2016-03-22,26.31,26.82,26.3,26.68,24.82,129777600.0
2016-03-23,26.62,26.77,26.48,26.53,24.68,102814000.0
2016-03-24,26.37,26.56,26.22,26.42,24.57,104532000.0
2016-03-28,26.5,26.55,26.26,26.3,24.46,77645600.0
2016-03-29,26.22,26.95,26.22,26.92,25.04,124760400.0
2016-03-30,27.16,27.6,27.15,27.39,25.48,182404400.0
2016-03-31,27.43,27.48,27.22,27.25,25.34,103553600.0
2016-04-01,27.19,27.5,27.05,27.5,25.58,103496000.0
2016-04-04,27.6,28.05,27.57,27.78,25.84,149424800.0
2016-04-05,27.38,27.68,27.35,27.45,25.53,106314800.0
2016-04-06,27.56,27.75,27.3,27.74,25.8,105616400.0
2016-04-07,27.49,27.6,27.03,27.14,25.24,127207600.0
2016-04-08,27.23,27.44,27.04,27.17,25.27,94326800.0
2016-04-11,27.24,27.65,27.21,27.25,25.35,117630000.0
2016-04-12,27.33,27.63,27.17,27.61,25.68,108929200.0
2016-04-13,27.7,28.08,27.7,28.01,26.05,133029200.0
2016-04-14,27.91,28.1,27.83,28.02,26.07,101895600.0
2016-04-15,28.03,28.08,27.43,27.46,25.54,187756000.0
2016-04-18,27.22,27.24,26.74,26.87,24.99,243286000.0
2016-04-19,26.97,27.0,26.56,26.73,24.86,129539600.0
2016-04-20,26.66,27.02,26.51,26.78,24.91,122444000.0
2016-04-21,26.73,26.73,26.38,26.49,24.64,126210000.0
2016-04-22,26.25,26.62,26.16,26.42,24.57,134732400.0
2016-04-25,26.25,26.41,26.13,26.27,24.43,112126400.0
2016-04-26,25.98,26.33,25.98,26.09,24.26,224064800.0
2016-04-27,24.0,24.68,23.92,24.45,22.75,458408400.0
2016-04-28,24.4,24.47,23.56,23.71,22.05,328970800.0
2016-04-29,23.5,23.68,23.13,23.43,21.8,274126000.0
2016-05-02,23.49,23.52,23.1,23.41,21.77,192640400.0
2016-05-03,23.55,23.93,23.42,23.8,22.13,227325200.0
2016-05-04,23.8,23.98,23.45,23.55,21.9,164102000.0
2016-05-05,23.5,23.52,23.17,23.31,21.81,143562000.0
2016-05-06,23.34,23.36,22.96,23.18,21.69,174799600.0
2016-05-09,23.25,23.44,23.15,23.2,21.71,131745600.0
2016-05-10,23.33,23.39,23.03,23.35,21.85,134747200.0
2016-05-11,23.37,23.39,23.11,23.13,21.64,114876400.0
2016-05-12,23.18,23.19,22.37,22.58,21.13,305258800.0
2016-05-13,22.5,22.92,22.5,22.63,21.18,177571200.0
2016-05-16,23.1,23.6,22.91,23.47,21.96,245039200.0
2016-05-17,23.64,23.67,23.25,23.37,21.87,187667600.0
2016-05-18,23.54,23.8,23.47,23.64,22.12,168249600.0
2016-05-19,23.66,23.66,23.39,23.55,22.04,121768400.0
2016-05-20,23.66,23.86,23.63,23.81,22.28,128104000.0
2016-05-23,23.97,24.3,23.92,24.11,22.56,152074400.0
2016-05-24,24.31,24.52,24.21,24.48,22.9,140560800.0
2016-05-25,24.67,24.93,24.53,24.91,23.31,152675200.0
2016-05-26,24.92,25.18,24.66,25.1,23.49,225324800.0
2016-05-27,24.86,25.12,24.81,25.09,23.48,145364800.0
2016-05-31,24.9,25.1,24.7,24.97,23.36,169228800.0
2016-06-01,24.75,24.89,24.58,24.61,23.03,116693200.0
2016-06-02,24.4,24.46,24.16,24.43,22.86,160766400.0
2016-06-03,24.45,24.57,24.36,24.48,22.91,114019600.0
2016-06-06,24.5,25.47,24.39,24.66,23.07,93170000.0
2016-06-07,24.81,24.97,24.74,24.76,23.17,89638000.0
2016-06-08,24.75,24.89,24.67,24.74,23.15,83392400.0
2016-06-09,24.63,25.0,24.61,24.91,23.31,106405600.0
2016-06-10,24.63,24.84,24.62,24.71,23.12,126851600.0
2016-06-13,24.67,24.78,24.27,24.33,22.77,152082000.0
2016-06-14,24.33,24.62,24.19,24.36,22.8,127727600.0
2016-06-15,24.45,24.6,24.26,24.28,22.73,117780800.0
2016-06-16,24.11,24.44,24.02,24.39,22.82,125307200.0
2016-06-17,24.16,24.16,23.83,23.83,22.3,244032800.0
2016-06-20,24.0,24.14,23.76,23.77,22.25,137647600.0
2016-06-21,23.74,24.09,23.67,23.98,22.44,142185600.0
2016-06-22,24.06,24.22,23.84,23.89,22.35,116876400.0
2016-06-23,23.99,24.07,23.81,24.02,22.48,128960800.0
2016-06-24,23.23,23.67,23.16,23.35,21.85,301245600.0
2016-06-27,23.25,23.26,22.88,23.01,21.53,181958400.0
2016-06-28,23.23,23.42,23.03,23.4,21.89,161779600.0
2016-06-29,23.49,23.64,23.41,23.6,22.08,146124000.0
2016-06-30,23.61,23.94,23.58,23.9,22.36,143345600.0
2016-07-01,23.87,24.12,23.83,23.97,22.43,104106000.0
2016-07-05,23.85,23.85,23.61,23.75,22.22,110820800.0
2016-07-06,23.65,23.92,23.59,23.88,22.35,123796400.0
2016-07-07,23.92,24.13,23.91,23.99,22.44,100558400.0
2016-07-08,24.12,24.22,24.01,24.17,22.62,115648400.0
2016-07-11,24.19,24.41,24.18,24.25,22.69,95179600.0
2016-07-12,24.29,24.42,24.28,24.35,22.79,96670000.0
2016-07-13,24.35,24.42,24.21,24.22,22.66,103568800.0
2016-07-14,24.35,24.75,24.33,24.7,23.11,155676000.0
2016-07-15,24.73,24.83,24.63,24.69,23.11,120548000.0
2016-07-18,24.67,25.03,24.65,24.96,23.35,145975600.0
2016-07-19,24.89,25.0,24.83,24.97,23.36,95119600.0
2016-07-20,25.0,25.11,24.93,24.99,23.38,105104000.0
2016-07-21,24.96,25.25,24.78,24.86,23.26,130808000.0
2016-07-22,24.82,24.83,24.58,24.67,23.08,113254800.0
2016-07-25,24.56,24.71,24.23,24.33,22.77,161531600.0
2016-07-26,24.2,24.49,24.1,24.17,22.62,224959200.0
2016-07-27,26.07,26.09,25.69,25.74,24.08,369379200.0
2016-07-28,25.71,26.11,25.7,26.08,24.41,159479200.0
2016-07-29,26.05,26.14,25.92,26.05,24.38,110934800.0
2016-08-01,26.1,26.54,26.1,26.51,24.81,152671600.0
2016-08-02,26.51,26.52,26.0,26.12,24.44,135266400.0
2016-08-03,26.2,26.46,26.19,26.45,24.75,120810400.0
2016-08-04,26.4,26.5,26.32,26.47,24.9,109634800.0
2016-08-05,26.57,26.91,26.55,26.87,25.28,162213600.0
2016-08-08,26.88,27.09,26.79,27.09,25.49,112148800.0
2016-08-09,27.06,27.24,27.0,27.2,25.59,105260800.0
2016-08-10,27.18,27.23,26.94,27.0,25.4,96034000.0
2016-08-11,27.13,27.23,26.96,26.98,25.39,109938000.0
2016-08-12,26.94,27.11,26.94,27.05,25.45,74641600.0
2016-08-15,27.03,27.39,27.02,27.37,25.75,103472800.0
2016-08-16,27.41,27.56,27.3,27.34,25.73,135177600.0
2016-08-17,27.27,27.34,27.08,27.31,25.69,101424000.0
2016-08-18,27.31,27.4,27.25,27.27,25.66,87938800.0
2016-08-19,27.19,27.42,27.09,27.34,25.72,101472400.0
2016-08-22,27.22,27.27,26.96,27.13,25.52,103280800.0
2016-08-23,27.15,27.33,27.13,27.21,25.6,85030800.0
2016-08-24,27.14,27.19,26.92,27.01,25.41,94700400.0
2016-08-25,26.85,26.97,26.67,26.89,25.3,100344800.0
2016-08-26,26.85,26.99,26.58,26.74,25.15,111065200.0
2016-08-29,26.66,26.86,26.57,26.7,25.13,99881200.0
2016-08-30,26.45,26.63,26.38,26.5,24.93,99455600.0
2016-08-31,26.42,26.64,26.41,26.52,24.96,118649600.0
2016-09-01,26.53,26.7,26.41,26.68,25.1,106806000.0
2016-09-02,26.92,27.0,26.7,26.93,25.34,107210000.0
2016-09-06,26.98,27.08,26.88,26.92,25.33,107521600.0
2016-09-07,26.96,27.19,26.77,27.09,25.49,169457200.0
2016-09-08,26.81,26.82,26.31,26.38,24.82,212008000.0
2016-09-09,26.16,26.43,25.78,25.78,24.26,186228000.0
2016-09-12,25.66,26.43,25.63,26.36,24.8,181171200.0
2016-09-13,26.88,27.2,26.81,26.99,25.39,248704800.0
2016-09-14,27.18,28.26,27.15,27.94,26.29,443554800.0
2016-09-15,28.47,28.93,28.37,28.89,27.18,359934400.0
2016-09-16,28.78,29.03,28.51,28.73,27.03,319547600.0
2016-09-19,28.8,29.05,28.31,28.4,26.72,188092000.0
2016-09-20,28.26,28.53,28.13,28.39,26.71,138057200.0
2016-09-21,28.46,28.5,28.11,28.39,26.71,144012800.0
2016-09-22,28.59,28.74,28.5,28.66,26.96,124296000.0
2016-09-23,28.6,28.7,27.89,28.18,26.51,209924800.0
2016-09-26,27.91,28.35,27.89,28.22,26.55,119477600.0
2016-09-27,28.25,28.3,28.08,28.27,26.6,98429600.0
2016-09-28,28.42,28.66,28.36,28.49,26.8,118564400.0
2016-09-29,28.29,28.45,27.95,28.05,26.39,143548000.0
2016-09-30,28.11,28.34,27.95,28.26,26.59,145516400.0
2016-10-03,28.18,28.26,28.07,28.13,26.47,86807200.0
2016-10-04,28.26,28.58,28.16,28.25,26.58,118947200.0
2016-10-05,28.35,28.42,28.17,28.26,26.59,85812400.0
2016-10-06,28.42,28.58,28.28,28.47,26.79,115117200.0
2016-10-07,28.58,28.64,28.38,28.51,26.83,97433600.0
2016-10-10,28.75,29.19,28.68,29.01,27.3,144944000.0
2016-10-11,29.42,29.67,29.05,29.08,27.35,256164000.0
2016-10-12,29.34,29.5,29.19,29.33,27.6,150347200.0
2016-10-13,29.2,29.36,28.93,29.25,27.51,140769600.0
2016-10-14,29.47,29.54,29.28,29.41,27.67,142608800.0
2016-10-17,29.33,29.46,29.19,29.39,27.65,94499600.0
2016-10-18,29.55,29.55,29.36,29.37,27.63,98214000.0
2016-10-19,29.31,29.44,28.45,29.28,27.55,80138400.0
2016-10-20,29.22,29.34,29.08,29.26,27.53,96503200.0
2016-10-21,29.2,29.23,29.07,29.15,27.43,92770800.0
2016-10-24,29.27,29.43,29.25,29.41,27.67,94154800.0
2016-10-25,29.49,29.59,29.33,29.56,27.81,192516000.0
2016-10-26,28.58,28.92,28.33,28.9,27.19,264536800.0
2016-10-27,28.85,28.97,28.52,28.62,26.93,138248000.0
2016-10-28,28.47,28.8,28.36,28.43,26.75,151446800.0
2016-10-31,28.41,28.56,28.3,28.39,26.71,105677600.0
2016-11-01,28.36,28.44,27.63,27.87,26.22,175303200.0
2016-11-02,27.85,28.09,27.81,27.9,26.25,113326800.0
2016-11-03,27.75,27.86,27.39,27.46,25.97,107730400.0
2016-11-04,27.13,27.56,27.03,27.21,25.73,123348000.0
2016-11-07,27.52,27.63,27.36,27.6,26.1,130240000.0
2016-11-08,27.58,27.93,27.42,27.76,26.26,97016800.0
2016-11-09,27.47,27.83,27.01,27.72,26.21,236705600.0
2016-11-10,27.77,27.77,26.46,26.95,25.48,228538000.0
2016-11-11,26.78,27.22,26.64,27.11,25.63,136575600.0
2016-11-14,26.93,26.95,26.02,26.43,24.99,204702000.0
2016-11-15,26.64,26.92,26.54,26.78,25.32,129058000.0
2016-11-16,26.67,27.56,26.65,27.5,26.0,235362000.0
2016-11-17,27.45,27.59,27.21,27.49,25.99,110528000.0
2016-11-18,27.43,27.64,27.42,27.51,26.02,113715600.0
2016-11-21,27.53,28.0,27.5,27.93,26.41,117058400.0
2016-11-22,27.99,28.1,27.85,27.95,26.43,103862000.0
2016-11-23,27.84,27.88,27.58,27.81,26.3,109705600.0
2016-11-25,27.78,27.97,27.74,27.95,26.43,45903600.0
2016-11-28,27.86,28.12,27.85,27.89,26.38,108776000.0
2016-11-29,27.69,28.01,27.52,27.86,26.35,114115200.0
2016-11-30,27.9,28.05,27.57,27.63,26.13,144649200.0
2016-12-01,27.59,27.74,27.26,27.37,25.89,148347600.0
2016-12-02,27.29,27.52,27.21,27.48,25.98,106112000.0
2016-12-05,27.5,27.51,27.06,27.28,25.8,137298000.0
2016-12-06,27.38,27.59,27.3,27.49,25.99,104782000.0
2016-12-07,27.32,27.8,27.29,27.76,26.25,119994800.0
2016-12-08,27.72,28.11,27.65,28.03,26.51,108273200.0
2016-12-09,28.08,28.67,28.08,28.49,26.94,137610400.0
2016-12-12,28.32,28.75,28.12,28.33,26.79,105497600.0
2016-12-13,28.46,28.98,28.44,28.8,27.23,174935200.0
2016-12-14,28.76,29.05,28.75,28.8,27.23,136127200.0
2016-12-15,28.84,29.18,28.81,28.95,27.38,186098000.0
2016-12-16,29.12,29.13,28.91,28.99,27.42,177404400.0
2016-12-19,28.95,29.34,28.94,29.16,27.58,111117600.0
2016-12-20,29.18,29.38,29.17,29.24,27.65,85700000.0
2016-12-21,29.2,29.35,29.19,29.26,27.68,95132800.0
2016-12-22,29.09,29.13,28.91,29.07,27.49,104343600.0
2016-12-23,28.9,29.13,28.9,29.13,27.55,56998000.0
2016-12-27,29.13,29.45,29.12,29.32,27.72,73187600.0
2016-12-28,29.38,29.5,29.05,29.19,27.6,83623600.0
2016-12-29,29.11,29.28,29.1,29.18,27.6,60158000.0
2016-12-30,29.16,29.3,28.86,28.95,27.38,122345200.0
2017-01-03,28.95,29.08,28.69,29.04,27.46,115127600.0
2017-01-04,28.96,29.13,28.94,29.0,27.43,84472400.0
2017-01-05,28.98,29.22,28.95,29.15,27.57,88774400.0
2017-01-06,29.19,29.54,29.12,29.48,27.88,127007600.0
2017-01-09,29.49,29.86,29.49,29.75,28.13,134247600.0
2017-01-10,29.69,29.84,29.58,29.78,28.16,97848400.0
2017-01-11,29.68,29.98,29.65,29.94,28.31,110354400.0
2017-01-12,29.73,29.83,29.55,29.81,28.19,108344800.0
2017-01-13,29.78,29.91,29.7,29.76,28.14,104447600.0
2017-01-17,29.58,30.06,29.56,30.0,28.37,137759200.0
2017-01-18,30.0,30.13,29.93,30.0,28.37,94852000.0
2017-01-19,29.85,30.02,29.84,29.94,28.32,102389200.0
2017-01-20,30.11,30.11,29.93,30.0,28.37,130391600.0
2017-01-23,30.0,30.2,29.94,30.02,28.39,88200800.0
2017-01-24,29.89,30.02,29.88,29.99,28.36,92844000.0
2017-01-25,30.1,30.52,30.07,30.47,28.81,129510400.0
2017-01-26,30.42,30.61,30.4,30.49,28.83,105350400.0
2017-01-27,30.53,30.59,30.4,30.49,28.83,82251600.0
2017-01-30,30.23,30.41,30.17,30.41,28.76,121510000.0
2017-01-31,30.29,30.35,30.16,30.34,28.69,196804000.0
2017-02-01,31.76,32.62,31.75,32.19,30.44,447940000.0
2017-02-02,32.0,32.35,31.94,32.13,30.39,134841600.0
2017-02-03,32.08,32.3,32.04,32.27,30.52,98029200.0
2017-02-06,32.28,32.63,32.22,32.57,30.8,107383600.0
2017-02-07,32.63,33.02,32.61,32.88,31.1,152735200.0
2017-02-08,32.84,33.06,32.81,33.01,31.22,92016400.0
2017-02-09,32.91,33.11,32.78,33.1,31.44,113399600.0
2017-02-10,33.12,33.24,33.01,33.03,31.37,80262000.0
2017-02-13,33.27,33.46,33.19,33.32,31.65,92141600.0
2017-02-14,33.37,33.77,33.31,33.76,32.06,132904800.0
2017-02-15,33.88,34.07,33.65,33.88,32.18,142492400.0
2017-02-16,33.92,33.97,33.71,33.84,32.14,90338400.0
2017-02-17,33.78,33.96,33.78,33.93,32.23,88792800.0
2017-02-21,34.06,34.19,33.99,34.17,32.46,98028800.0
2017-02-22,34.11,34.28,34.03,34.28,32.56,83347600.0
2017-02-23,34.35,34.37,34.08,34.13,32.42,83152800.0
2017-02-24,33.98,34.17,33.82,34.17,32.45,87106400.0
2017-02-27,34.28,34.36,34.07,34.23,32.51,81029600.0
2017-02-28,34.27,34.36,34.17,34.25,32.53,93931600.0
2017-03-01,34.47,35.04,34.4,34.95,33.19,145658400.0
2017-03-02,35.0,35.07,34.69,34.74,33.0,104844000.0
2017-03-03,34.69,34.96,34.65,34.94,33.19,84432400.0
2017-03-06,34.84,34.94,34.65,34.83,33.09,87000000.0
2017-03-07,34.76,34.99,34.7,34.88,33.13,69785200.0
2017-03-08,34.74,34.95,34.71,34.75,33.0,74828800.0
2017-03-09,34.69,34.7,34.26,34.67,32.93,88623600.0
2017-03-10,34.81,34.84,34.66,34.78,33.04,78451200.0
2017-03-13,34.71,34.86,34.71,34.8,33.05,69686800.0
2017-03-14,34.83,34.91,34.71,34.75,33.0,61236400.0
2017-03-15,34.85,35.19,34.76,35.12,33.35,102767200.0
2017-03-16,35.18,35.26,35.06,35.17,33.41,76928000.0
2017-03-17,35.25,35.25,34.97,35.0,33.24,175540000.0
2017-03-20,35.1,35.38,35.06,35.37,33.59,86168000.0
2017-03-21,35.53,35.7,34.93,34.96,33.2,158119600.0
2017-03-22,34.96,35.4,34.94,35.35,33.58,103440800.0
2017-03-23,35.31,35.4,35.15,35.23,33.46,81385200.0
2017-03-24,35.38,35.44,35.09,35.16,33.39,89582400.0
2017-03-27,34.85,35.31,34.65,35.22,33.45,94300400.0
2017-03-28,35.23,36.01,35.15,35.95,34.14,133499200.0
2017-03-29,35.92,36.12,35.8,36.03,34.22,116760000.0
2017-03-30,36.05,36.13,35.88,35.98,34.18,84829200.0
2017-03-31,35.93,36.07,35.75,35.92,34.11,78646800.0
2017-04-03,35.93,36.03,35.76,35.92,34.12,79942800.0
2017-04-04,35.81,36.22,35.79,36.19,34.37,79565600.0
2017-04-05,36.06,36.37,35.95,36.01,34.2,110871600.0
2017-04-06,36.07,36.13,35.86,35.92,34.11,84596000.0
2017-04-07,35.93,36.04,35.82,35.83,34.04,66688800.0
2017-04-10,35.9,35.97,35.72,35.79,33.99,75733600.0
2017-04-11,35.74,35.84,35.01,35.41,33.63,121517600.0
2017-04-12,35.4,35.54,35.25,35.45,33.67,81400000.0
2017-04-13,35.48,35.6,35.26,35.26,33.49,71291600.0
2017-04-17,35.37,35.47,35.22,35.46,33.68,66328400.0
2017-04-18,35.35,35.51,35.28,35.3,33.53,58790000.0
2017-04-19,35.47,35.5,35.11,35.17,33.4,69313600.0
2017-04-20,35.31,35.73,35.29,35.61,33.82,93278400.0
2017-04-21,35.61,35.67,35.46,35.57,33.78,69283600.0
2017-04-24,35.88,35.99,35.79,35.91,34.11,68537200.0
2017-04-25,35.98,36.22,35.97,36.13,34.32,75486000.0
2017-04-26,36.12,36.15,35.85,35.92,34.12,80164800.0
2017-04-27,35.98,36.04,35.83,35.95,34.14,56985200.0
2017-04-28,36.02,36.08,35.82,35.91,34.11,83441600.0
2017-05-01,36.28,36.8,36.24,36.65,34.8,134411600.0
2017-05-02,36.88,37.02,36.71,36.88,35.03,181408800.0
2017-05-03,36.4,36.87,36.07,36.76,34.92,182788000.0
2017-05-04,36.63,36.78,36.45,36.63,34.79,93487600.0
2017-05-05,36.69,37.24,36.69,37.24,35.37,109310800.0
2017-05-08,37.26,38.42,37.26,38.25,36.33,195009600.0
2017-05-09,38.47,38.72,38.36,38.5,36.56,156521600.0
2017-05-10,38.41,38.49,38.03,38.31,36.39,103222800.0
2017-05-11,38.11,38.52,38.08,38.49,36.71,109020400.0
2017-05-12,38.67,39.1,38.67,39.03,37.22,130108000.0
2017-05-15,39.0,39.16,38.76,38.92,37.12,104038800.0
2017-05-16,38.99,39.01,38.68,38.87,37.07,80194000.0
2017-05-17,38.4,38.64,37.43,37.56,35.82,203070800.0
2017-05-18,37.82,38.33,37.78,38.13,36.37,134272800.0
2017-05-19,38.35,38.49,38.16,38.26,36.49,107843200.0
2017-05-22,38.5,38.65,38.23,38.5,36.71,91865600.0
2017-05-23,38.72,38.72,38.33,38.45,36.67,79675600.0
2017-05-24,38.46,38.54,38.17,38.33,36.56,76712000.0
2017-05-25,38.43,38.59,38.26,38.47,36.69,76942400.0
2017-05-26,38.5,38.56,38.33,38.4,36.62,87710400.0
2017-05-30,38.35,38.61,38.33,38.42,36.64,80507600.0
2017-05-31,38.49,38.54,38.1,38.19,36.42,97804800.0
2017-06-01,38.29,38.33,38.06,38.29,36.52,65616400.0
2017-06-02,38.4,38.86,38.22,38.86,37.06,111082800.0
2017-06-05,38.58,38.61,38.37,38.48,36.7,101326800.0
2017-06-06,38.47,38.95,38.44,38.61,36.82,106499600.0
2017-06-07,38.76,38.99,38.62,38.84,37.04,84278400.0
2017-06-08,38.81,38.88,38.6,38.75,36.95,85003200.0
2017-06-09,38.8,38.8,36.51,37.24,35.52,259530800.0
2017-06-12,36.44,36.52,35.63,36.35,34.67,289229200.0
2017-06-13,36.79,36.86,36.29,36.65,34.95,136661600.0
2017-06-14,36.88,36.88,35.96,36.29,34.61,126124800.0
2017-06-15,35.83,36.12,35.55,36.07,34.4,128661600.0
2017-06-16,35.94,36.13,35.55,35.57,33.92,201444400.0
2017-06-19,35.92,36.69,35.92,36.58,34.89,130165600.0
2017-06-20,36.72,36.72,36.24,36.25,34.57,99600400.0
2017-06-21,36.38,36.52,36.15,36.47,34.78,85063200.0
2017-06-22,36.44,36.67,36.28,36.41,34.72,76425200.0
2017-06-23,36.28,36.79,36.28,36.57,34.88,141757600.0
2017-06-26,36.79,37.07,36.35,36.46,34.77,102769600.0
2017-06-27,36.25,36.54,35.9,35.93,34.27,99047600.0
2017-06-28,36.12,36.53,35.79,36.46,34.77,88329600.0
2017-06-29,36.18,36.28,35.57,35.92,34.26,125997600.0
2017-06-30,36.11,36.24,35.94,36.01,34.34,92096400.0
2017-07-03,36.22,36.33,35.78,35.88,34.21,57111200.0
2017-07-05,35.92,36.2,35.68,36.02,34.35,86278400.0
2017-07-06,35.76,35.88,35.6,35.68,34.03,96515200.0
2017-07-07,35.72,36.19,35.72,36.04,34.38,76806800.0
2017-07-10,36.03,36.49,35.84,36.26,34.59,84362400.0
2017-07-11,36.18,36.46,36.1,36.38,34.7,79127200.0
2017-07-12,36.47,36.54,36.21,36.44,34.75,99538000.0
2017-07-13,36.38,37.12,36.36,36.94,35.23,100797600.0
2017-07-14,36.99,37.33,36.83,37.26,35.53,80528400.0
2017-07-17,37.21,37.72,37.14,37.39,35.66,95174000.0
2017-07-18,37.3,37.53,37.17,37.52,35.78,71475200.0
2017-07-19,37.62,37.85,37.49,37.76,36.01,83692000.0
2017-07-20,37.88,37.94,37.55,37.58,35.84,68974800.0
2017-07-21,37.5,37.61,37.22,37.57,35.83,105010400.0
2017-07-24,37.65,38.11,37.47,38.02,36.26,85972800.0
2017-07-25,37.95,38.46,37.95,38.19,36.42,75415600.0
2017-07-26,38.34,38.48,38.26,38.37,36.59,63124000.0
2017-07-27,38.44,38.5,36.83,37.64,35.9,129905200.0
2017-07-28,37.47,37.56,37.3,37.38,35.64,68854800.0
2017-07-31,37.47,37.58,37.03,37.18,35.46,79383600.0
2017-08-01,37.28,37.56,37.1,37.51,35.78,141474400.0
2017-08-02,39.82,39.94,39.04,39.28,37.47,279747200.0
2017-08-03,39.26,39.3,38.76,38.89,37.09,108389200.0
2017-08-04,39.02,39.35,38.92,39.1,37.29,82239600.0
2017-08-07,39.26,39.73,39.17,39.7,37.86,87481200.0
2017-08-08,39.65,40.46,39.57,40.02,38.17,144823600.0
2017-08-09,39.81,40.32,39.78,40.26,38.4,104526000.0
2017-08-10,39.97,40.0,38.66,38.83,37.18,163217200.0
2017-08-11,39.15,39.64,39.02,39.37,37.69,105028400.0
2017-08-14,39.83,40.05,39.69,39.96,38.26,88490800.0
2017-08-15,40.17,40.55,40.03,40.4,38.68,117862000.0
2017-08-16,40.49,40.63,40.04,40.24,38.52,110686400.0
2017-08-17,40.13,40.18,39.46,39.47,37.79,111762400.0
2017-08-18,39.47,39.88,39.18,39.38,37.7,109712400.0
2017-08-21,39.38,39.47,38.78,39.3,37.63,105474000.0
2017-08-22,39.56,40.0,39.51,39.94,38.24,86418400.0
2017-08-23,39.77,40.12,39.72,39.99,38.29,77596400.0
2017-08-24,40.11,40.19,39.64,39.82,38.12,79275600.0
2017-08-25,39.91,40.14,39.82,39.97,38.26,101920400.0
2017-08-28,40.03,40.5,39.98,40.37,38.65,103864000.0
2017-08-29,40.03,40.78,40.0,40.73,38.99,118067600.0
2017-08-30,40.95,40.97,40.65,40.84,39.1,109078400.0
2017-08-31,40.91,41.13,40.87,41.0,39.25,107140400.0
2017-09-01,41.2,41.24,40.91,41.01,39.27,66364400.0
2017-09-05,40.94,41.06,40.14,40.52,38.8,117874000.0
2017-09-06,40.68,40.75,40.13,40.48,38.75,86606800.0
2017-09-07,40.52,40.56,40.09,40.31,38.6,87714000.0
2017-09-08,40.22,40.29,39.63,39.66,37.97,114446000.0
2017-09-11,40.13,40.51,39.97,40.38,38.66,126323200.0
2017-09-12,40.65,40.99,39.69,40.22,38.5,286856000.0
2017-09-13,39.97,39.99,39.48,39.91,38.21,179629600.0
2017-09-14,39.75,39.85,39.52,39.57,37.89,95042800.0
2017-09-15,39.62,40.24,39.5,39.97,38.27,196458400.0
2017-09-18,40.03,40.13,39.5,39.67,37.98,113077600.0
2017-09-19,39.88,39.94,39.61,39.68,37.99,83242400.0
2017-09-20,39.47,39.56,38.46,39.02,37.36,211805600.0
2017-09-21,38.95,38.95,38.19,38.35,36.72,150046800.0
2017-09-22,37.88,38.07,37.64,37.97,36.36,186581600.0
2017-09-25,37.5,37.96,37.29,37.64,36.04,177549200.0
2017-09-26,37.94,38.48,37.92,38.28,36.66,146640000.0
2017-09-27,38.45,38.68,38.38,38.56,36.92,102016800.0
2017-09-28,38.47,38.57,38.17,38.32,36.69,88022000.0
2017-09-29,38.3,38.53,38.0,38.53,36.89,105199200.0
2017-10-02,38.56,38.61,38.18,38.45,36.82,74795200.0
2017-10-03,38.5,38.77,38.48,38.62,36.98,64921200.0
2017-10-04,38.41,38.47,38.12,38.37,36.74,80655200.0
2017-10-05,38.54,38.86,38.51,38.85,37.19,85135200.0
2017-10-06,38.74,38.87,38.64,38.83,37.17,69630400.0
2017-10-09,38.95,39.18,38.87,38.96,37.3,65051600.0
2017-10-10,39.01,39.5,38.78,38.97,37.32,62468000.0
2017-10-11,38.99,39.24,38.94,39.14,37.47,67622400.0
2017-10-12,39.09,39.34,38.93,39.0,37.34,64500400.0
2017-10-13,39.18,39.32,39.1,39.25,37.58,65576800.0
2017-10-16,39.47,40.0,39.41,39.97,38.27,96486000.0
2017-10-17,39.94,40.22,39.81,40.12,38.41,75989200.0
2017-10-18,40.1,40.18,39.9,39.94,38.24,65496800.0
2017-10-19,39.19,39.27,38.76,38.99,37.34,170336800.0
2017-10-20,39.15,39.44,38.99,39.06,37.4,95896400.0
2017-10-23,39.22,39.42,38.88,39.04,37.38,87937200.0
2017-10-24,39.07,39.35,39.05,39.28,37.6,71028800.0
2017-10-25,39.23,39.39,38.82,39.1,37.44,84828400.0
2017-10-26,39.31,39.46,39.19,39.35,37.68,68002000.0
2017-10-27,39.82,40.9,39.67,40.76,39.03,177816800.0
2017-10-30,40.97,42.02,40.93,41.68,39.91,178803200.0
2017-10-31,41.97,42.41,41.74,42.26,40.46,144187200.0
2017-11-01,42.47,42.49,41.4,41.72,39.95,134551200.0
2017-11-02,41.65,42.13,41.32,42.03,40.24,165573600.0
2017-11-03,43.5,43.56,42.78,43.13,41.29,237594400.0
2017-11-06,43.09,43.75,42.93,43.56,41.71,140105200.0
2017-11-07,43.48,43.81,43.4,43.7,41.84,97446000.0
2017-11-08,43.67,44.06,43.58,44.06,42.18,97638000.0
2017-11-09,43.78,44.03,43.28,43.97,42.1,117930400.0
2017-11-10,43.78,43.85,43.57,43.67,41.96,100582000.0
2017-11-13,43.38,43.63,43.35,43.49,41.79,67928400.0
2017-11-14,43.26,43.37,42.79,42.83,41.16,99130000.0
2017-11-15,42.49,42.58,42.1,42.27,40.62,116632400.0
2017-11-16,42.79,42.97,42.58,42.78,41.1,94550000.0
2017-11-17,42.76,42.85,42.41,42.54,40.87,87598000.0
2017-11-20,42.57,42.64,42.39,42.49,40.83,65049600.0
2017-11-21,42.69,43.42,42.69,43.28,41.59,100525200.0
2017-11-22,43.34,43.75,43.26,43.74,42.03,102355600.0
2017-11-24,43.78,43.88,43.66,43.74,42.03,56106800.0
2017-11-27,43.76,43.77,43.33,43.52,41.82,82867200.0
2017-11-28,43.58,43.72,42.97,43.27,41.57,105715200.0
2017-11-29,43.16,43.23,41.79,42.37,40.71,166665600.0
2017-11-30,42.61,43.03,42.11,42.96,41.28,166108800.0
2017-12-01,42.49,42.92,42.13,42.76,41.09,159037200.0
2017-12-04,43.12,43.15,42.41,42.45,40.79,130169600.0
2017-12-05,42.26,42.88,42.1,42.41,40.75,109400800.0
2017-12-06,41.88,42.55,41.62,42.25,40.6,114240000.0
2017-12-07,42.26,42.61,42.23,42.33,40.67,102693200.0
2017-12-08,42.62,42.75,42.21,42.34,40.69,93420800.0
2017-12-11,42.3,43.22,42.2,43.17,41.48,141095200.0
2017-12-12,43.04,43.1,42.87,42.92,41.25,77636800.0
2017-12-13,43.13,43.38,43.0,43.07,41.38,95273600.0
2017-12-14,43.1,43.28,42.91,43.06,41.37,81906000.0
2017-12-15,43.41,43.54,43.12,43.49,41.79,160677200.0
2017-12-18,43.72,44.3,43.72,44.1,42.38,117684400.0
2017-12-19,43.76,43.85,43.52,43.63,41.93,109745600.0
2017-12-20,43.72,43.85,43.31,43.59,41.88,93902400.0
2017-12-21,43.54,44.01,43.53,43.75,42.04,83799600.0
2017-12-22,43.67,43.85,43.63,43.75,42.04,65397600.0
2017-12-26,42.7,42.87,42.42,42.64,40.97,132742000.0
2017-12-27,42.53,42.69,42.43,42.65,40.98,85992800.0
2017-12-28,42.75,42.96,42.62,42.77,41.1,65920800.0
2017-12-29,42.63,42.65,42.31,42.31,40.65,103999600.0
2018-01-02,42.54,43.08,42.31,43.06,41.38,102223600.0
2018-01-03,43.13,43.64,42.99,43.06,41.37,118071600.0
2018-01-04,43.13,43.37,43.02,43.26,41.57,89738400.0
2018-01-05,43.36,43.84,43.26,43.75,42.04,94640000.0
2018-01-08,43.59,43.9,43.48,43.59,41.88,82271200.0
2018-01-09,43.64,43.76,43.35,43.58,41.88,86336000.0
2018-01-10,43.29,43.58,43.25,43.57,41.87,95839600.0
2018-01-11,43.65,43.87,43.62,43.82,42.11,74670800.0
2018-01-12,44.04,44.34,43.91,44.27,42.54,101672400.0
2018-01-16,44.47,44.85,44.03,44.05,42.32,118263600.0
2018-01-17,44.04,44.81,43.77,44.78,43.02,137547200.0
2018-01-18,44.84,45.03,44.56,44.81,43.06,124773600.0
2018-01-19,44.65,44.9,44.35,44.62,42.87,129700400.0
2018-01-22,44.33,44.44,44.15,44.25,42.52,108434400.0
2018-01-23,44.33,44.86,44.21,44.26,42.53,130756400.0
2018-01-24,44.31,44.33,43.3,43.56,41.85,204420400.0
2018-01-25,43.63,43.74,42.63,42.78,41.1,166116000.0
2018-01-26,43.0,43.0,42.51,42.88,41.2,156572000.0
2018-01-29,42.54,42.54,41.77,41.99,40.35,202561600.0
2018-01-30,41.38,41.84,41.17,41.74,40.11,184192800.0
2018-01-31,41.72,42.11,41.63,41.86,40.22,129915600.0
2018-02-01,41.79,42.15,41.69,41.94,40.3,188923200.0
2018-02-02,41.5,41.7,40.03,40.13,38.56,346375200.0
2018-02-05,39.78,40.97,39.0,39.12,37.59,290954000.0
2018-02-06,38.71,40.93,38.5,40.76,39.16,272975200.0
2018-02-07,40.77,40.85,39.77,39.88,38.32,206434400.0
2018-02-08,40.07,40.25,38.76,38.79,37.27,217562000.0
2018-02-09,39.27,39.47,37.56,39.1,37.73,282690400.0
2018-02-12,39.63,40.97,39.38,40.68,39.25,243278000.0
2018-02-13,40.49,41.19,40.41,41.08,39.64,130196800.0
2018-02-14,40.76,41.88,40.72,41.84,40.37,162579600.0
2018-02-15,42.45,43.27,42.25,43.25,41.73,204588800.0
2018-02-16,43.09,43.71,42.94,43.11,41.59,160704400.0
2018-02-20,43.01,43.56,42.85,42.96,41.45,135722000.0
2018-02-21,43.21,43.53,42.75,42.77,41.26,149886400.0
2018-02-22,42.95,43.49,42.93,43.13,41.61,123967600.0
2018-02-23,43.42,43.91,43.38,43.88,42.33,135249600.0
2018-02-26,44.09,44.85,44.05,44.74,43.17,152648800.0
2018-02-27,44.78,45.12,44.54,44.6,43.03,155712400.0
2018-02-28,44.81,45.15,44.51,44.53,42.96,151128400.0
2018-03-01,44.63,44.94,43.17,43.75,42.21,195208000.0
2018-03-02,43.2,44.08,43.11,44.05,42.5,153816000.0
2018-03-05,43.8,44.44,43.63,44.21,42.65,113605600.0
2018-03-06,44.48,44.56,44.03,44.17,42.61,95154000.0
2018-03-07,43.74,43.96,43.57,43.76,42.22,126814000.0
2018-03-08,43.87,44.28,43.77,44.24,42.68,95096400.0
2018-03-09,44.49,45.0,44.35,44.99,43.41,128740800.0
2018-03-12,45.07,45.6,45.05,45.43,43.83,128828400.0
2018-03-13,45.65,45.88,44.81,44.99,43.41,126774000.0
2018-03-14,45.08,45.13,44.45,44.61,43.04,117473600.0
2018-03-15,44.63,45.06,44.52,44.66,43.09,90975200.0
2018-03-16,44.66,44.78,44.4,44.51,42.94,157618800.0
2018-03-19,44.33,44.37,43.42,43.83,42.28,133787200.0
2018-03-20,43.81,44.2,43.74,43.81,42.27,78597600.0
2018-03-21,43.76,43.77,42.81,42.82,41.31,148219600.0
2018-03-22,42.5,43.17,42.15,42.21,40.73,165963200.0
2018-03-23,42.1,42.48,41.24,41.24,39.78,164115200.0
2018-03-26,42.02,43.28,41.61,43.19,41.67,150164800.0
2018-03-27,43.42,43.79,41.73,42.08,40.6,163690400.0
2018-03-28,41.81,42.51,41.3,41.62,40.15,166674000.0
2018-03-29,41.95,42.94,41.72,41.94,40.47,153594000.0
2018-04-02,41.66,42.24,41.12,41.67,40.2,150347200.0
2018-04-03,41.91,42.19,41.22,42.1,40.62,121112000.0
2018-04-04,41.22,43.0,41.19,42.9,41.39,138422000.0
2018-04-05,43.15,43.56,43.02,43.2,41.68,107732800.0
2018-04-06,42.74,43.12,42.05,42.1,40.61,140021200.0
2018-04-09,42.47,43.27,42.46,42.51,41.02,116070800.0
2018-04-10,43.25,43.5,42.88,43.31,41.79,113634400.0
2018-04-11,43.06,43.48,42.92,43.11,41.59,89726400.0
2018-04-12,43.35,43.75,43.26,43.53,42.0,91557200.0
2018-04-13,43.69,43.96,43.46,43.68,42.14,100497200.0
2018-04-16,43.76,44.05,43.71,43.96,42.41,86313600.0
2018-04-17,44.12,44.74,44.1,44.56,42.99,106421600.0
2018-04-18,44.45,44.71,44.22,44.46,42.89,83018000.0
2018-04-19,43.44,43.85,43.17,43.2,41.68,139235200.0
2018-04-20,42.65,42.81,41.36,41.43,39.97,261964400.0
2018-04-23,41.71,41.73,41.02,41.31,39.86,146062000.0
2018-04-24,41.42,41.58,40.31,40.74,39.3,134768000.0
2018-04-25,40.65,41.35,40.6,40.91,39.47,113528400.0
2018-04-26,41.03,41.43,40.84,41.06,39.61,111852000.0
2018-04-27,41.0,41.08,40.16,40.58,39.15,142623200.0
2018-04-30,40.53,41.81,40.46,41.31,39.86,169709600.0
2018-05-01,41.6,42.3,41.32,42.28,40.79,214277600.0
2018-05-02,43.81,44.44,43.45,44.14,42.59,266157600.0
2018-05-03,43.97,44.38,43.61,44.22,42.67,136272800.0
2018-05-04,44.56,46.06,44.54,45.96,44.34,224805200.0
2018-05-07,46.29,46.92,46.19,46.29,44.66,169805600.0
2018-05-08,46.25,46.56,45.92,46.51,44.88,113611200.0
2018-05-09,46.64,46.85,46.31,46.84,45.19,92844800.0
2018-05-10,46.94,47.59,46.91,47.51,45.84,111957200.0
2018-05-11,47.37,47.51,46.86,47.15,45.66,104848800.0
2018-05-14,47.25,47.38,46.97,47.04,45.56,83115200.0
2018-05-15,46.69,46.77,46.28,46.61,45.14,94780800.0
2018-05-16,46.52,47.12,46.5,47.04,45.56,76732400.0
2018-05-17,47.0,47.23,46.59,46.75,45.28,69176000.0
2018-05-18,46.8,46.95,46.53,46.58,45.11,73190800.0
2018-05-21,47.0,47.32,46.73,46.91,45.43,73603200.0
2018-05-22,47.1,47.22,46.69,46.79,45.32,60962800.0
2018-05-23,46.59,47.13,46.44,47.09,45.61,80233600.0
2018-05-24,47.19,47.21,46.55,47.04,45.56,92936000.0
2018-05-25,47.06,47.41,46.91,47.15,45.66,69844000.0
2018-05-29,46.9,47.19,46.72,46.97,45.5,90056400.0
2018-05-30,46.93,47.0,46.69,46.88,45.4,74762000.0
2018-05-31,46.81,47.06,46.53,46.72,45.25,109931200.0
2018-06-01,47.0,47.56,46.94,47.56,46.06,93770000.0
2018-06-04,47.91,48.35,47.84,47.96,46.45,105064800.0
2018-06-05,48.27,48.49,48.09,48.33,46.81,86264000.0
2018-06-06,48.41,48.52,47.98,48.49,46.97,83734400.0
2018-06-07,48.53,48.55,48.08,48.37,46.84,85388800.0
2018-06-08,47.79,48.0,47.44,47.92,46.42,106627200.0
2018-06-11,47.84,47.99,47.55,47.81,46.3,73234000.0
2018-06-12,47.85,48.15,47.79,48.07,46.56,67644400.0
2018-06-13,48.1,48.22,47.61,47.67,46.17,86553600.0
2018-06-14,47.89,47.89,47.56,47.7,46.2,86440400.0
2018-06-15,47.51,47.54,47.06,47.21,45.72,246876800.0
2018-06-18,46.97,47.31,46.8,47.19,45.7,73939600.0
2018-06-19,46.28,46.58,45.86,46.42,44.96,134314000.0
2018-06-20,46.59,46.8,46.43,46.63,45.16,82514800.0
2018-06-21,46.81,47.09,46.24,46.37,44.91,102847600.0
2018-06-22,46.53,46.54,46.17,46.23,44.77,108801600.0
2018-06-25,45.85,46.23,45.18,45.54,44.11,126652400.0
2018-06-26,45.75,46.63,45.63,46.11,44.66,98276800.0
2018-06-27,46.31,46.82,46.01,46.04,44.59,101141200.0
2018-06-28,46.03,46.55,45.95,46.38,44.91,69460800.0
2018-06-29,46.57,46.8,45.73,46.28,44.82,90950800.0
2018-07-02,45.96,46.83,45.85,46.79,45.32,70925200.0
2018-07-03,46.95,46.99,45.88,45.98,44.53,55819200.0
2018-07-05,46.31,46.6,46.07,46.35,44.89,66416800.0
2018-07-06,46.35,47.11,46.3,46.99,45.51,69940800.0
2018-07-09,47.38,47.67,47.33,47.65,46.14,79026400.0
2018-07-10,47.68,47.82,47.54,47.59,46.09,63756400.0
2018-07-11,47.13,47.44,46.9,46.97,45.49,75326000.0
2018-07-12,47.38,47.85,47.33,47.76,46.25,72164400.0
2018-07-13,47.77,47.96,47.72,47.83,46.33,50055600.0
2018-07-16,47.88,48.16,47.6,47.73,46.22,60172400.0
2018-07-17,47.44,47.97,47.3,47.86,46.36,62138000.0
2018-07-18,47.94,47.95,47.48,47.6,46.1,65573600.0
2018-07-19,47.42,48.14,47.42,47.97,46.46,81147200.0
2018-07-20,47.94,48.11,47.54,47.86,46.35,82704800.0
2018-07-23,47.67,47.99,47.39,47.9,46.39,63957600.0
2018-07-24,48.11,48.42,48.01,48.25,46.73,74791600.0
2018-07-25,48.26,48.71,48.11,48.71,47.17,66839600.0
2018-07-26,48.65,48.99,48.4,48.55,47.02,76304000.0
2018-07-27,48.75,48.8,47.53,47.74,46.24,96096000.0
2018-07-30,47.97,48.05,47.27,47.48,45.98,84118000.0
2018-07-31,47.58,48.03,47.33,47.57,46.07,157492000.0
2018-08-01,49.78,50.44,49.33,50.38,48.79,271742800.0
2018-08-02,50.15,52.1,50.09,51.85,50.22,249616000.0
2018-08-03,51.76,52.19,51.37,52.0,50.36,133789600.0
2018-08-06,52.0,52.31,51.77,52.27,50.62,101701600.0
2018-08-07,52.33,52.38,51.69,51.78,50.15,102349600.0
2018-08-08,51.51,51.95,51.13,51.81,50.18,90102000.0
2018-08-09,52.38,52.44,51.8,52.22,50.58,93970400.0
2018-08-10,51.84,52.28,51.67,51.88,50.43,98444800.0
2018-08-13,52.33,52.74,51.92,52.22,50.75,103563600.0
2018-08-14,52.54,52.64,52.06,52.44,50.96,82992000.0
2018-08-15,52.31,52.69,52.08,52.56,51.08,115230400.0
2018-08-16,52.94,53.45,52.87,53.33,51.83,114001600.0
2018-08-17,53.36,54.49,53.29,54.4,52.87,141708000.0
2018-08-20,54.53,54.79,53.78,53.87,52.35,121150800.0
2018-08-21,54.2,54.3,53.51,53.76,52.25,104639200.0
2018-08-22,53.53,54.09,53.46,53.76,52.25,76072400.0
2018-08-23,53.66,54.26,53.65,53.87,52.36,75532800.0
2018-08-24,54.15,54.22,53.78,54.04,52.52,73905600.0
2018-08-27,54.29,54.69,54.08,54.49,52.95,82100400.0
2018-08-28,54.75,55.13,54.73,54.92,53.38,91107200.0
2018-08-29,55.04,55.87,54.85,55.74,54.18,109019200.0
2018-08-30,55.81,57.06,55.6,56.26,54.68,195175200.0
2018-08-31,56.63,57.22,56.5,56.91,55.31,173360400.0
2018-09-04,57.1,57.29,56.66,57.09,55.49,109560400.0
2018-09-05,57.25,57.42,56.28,56.72,55.12,133332000.0
2018-09-06,56.56,56.84,55.33,55.78,54.21,137160000.0
2018-09-07,55.46,56.34,55.18,55.33,53.77,150479200.0
2018-09-10,55.24,55.46,54.12,54.58,53.05,158066000.0
2018-09-11,54.5,56.08,54.14,55.96,54.39,142996000.0
2018-09-12,56.24,56.25,54.96,55.27,53.72,197114800.0
2018-09-13,55.88,57.09,55.64,56.6,55.01,166825600.0
2018-09-14,56.44,56.71,55.63,55.96,54.39,127997200.0
2018-09-17,55.54,55.74,54.32,54.47,52.94,148780400.0
2018-09-18,54.45,55.46,54.28,54.56,53.03,126286800.0
2018-09-19,54.63,54.9,53.83,54.59,53.06,108495200.0
2018-09-20,55.06,55.57,54.79,55.01,53.46,106435200.0
2018-09-21,55.19,55.34,54.32,54.42,52.89,384986800.0
2018-09-24,54.21,55.31,54.16,55.2,53.65,110773600.0
2018-09-25,54.94,55.71,54.92,55.55,53.99,98217600.0
2018-09-26,55.25,55.94,54.94,55.1,53.56,95938800.0
2018-09-27,55.96,56.61,55.88,56.24,54.66,120724800.0
2018-09-28,56.2,56.46,56.01,56.44,54.85,91717600.0
2018-10-01,56.99,57.35,56.59,56.81,55.22,94403200.0
2018-10-02,56.81,57.5,56.66,57.32,55.71,99152800.0
2018-10-03,57.51,58.37,57.44,58.02,56.39,114619200.0
2018-10-04,57.69,58.09,56.68,57.0,55.4,128168000.0
2018-10-05,56.99,57.1,55.15,56.07,54.5,134322000.0
2018-10-08,55.55,56.2,55.05,55.94,54.37,118655600.0
2018-10-09,55.91,56.82,55.56,56.72,55.12,107564000.0
2018-10-10,56.37,56.59,54.01,54.09,52.57,167962400.0
2018-10-11,53.63,54.88,53.08,53.61,52.11,212497600.0
2018-10-12,55.1,55.72,54.21,55.53,53.97,161351600.0
2018-10-15,55.29,55.46,54.32,54.34,52.81,123164000.0
2018-10-16,54.73,55.75,54.19,55.54,53.98,116736000.0
2018-10-17,55.58,55.66,54.83,55.3,53.74,91541600.0
2018-10-18,54.47,54.94,53.25,54.01,52.49,130325200.0
2018-10-19,54.51,55.31,54.36,54.83,53.29,132314800.0
2018-10-22,54.95,55.84,54.74,55.16,53.61,115168400.0
2018-10-23,53.96,55.81,53.67,55.68,54.12,155071200.0
2018-10-24,55.65,56.06,53.63,53.77,52.26,163702000.0
2018-10-25,54.43,55.35,54.19,54.95,53.41,119423200.0
2018-10-26,53.97,55.05,53.17,54.08,52.56,189033600.0
2018-10-29,54.8,54.92,51.52,53.06,51.57,183742000.0
2018-10-30,52.79,53.79,52.32,53.33,51.83,146640000.0
2018-10-31,54.22,55.11,54.15,54.72,53.18,153435600.0
2018-11-01,54.76,55.59,54.2,55.56,53.99,233292800.0
2018-11-02,52.39,53.41,51.36,51.87,50.41,365314800.0
2018-11-05,51.08,51.1,49.54,50.4,48.98,264654800.0
2018-11-06,50.48,51.18,50.42,50.94,49.51,127531600.0
2018-11-07,51.49,52.51,51.03,52.49,51.01,133697600.0
2018-11-08,52.49,52.53,51.69,52.12,50.84,101450400.0
2018-11-09,51.39,51.5,50.56,51.12,49.86,137463200.0
2018-11-12,49.75,49.96,48.45,48.54,47.34,204542000.0
2018-11-13,47.91,49.29,47.86,48.06,46.87,187531600.0
2018-11-14,48.47,48.62,46.48,46.7,45.55,243204000.0
2018-11-15,47.1,47.99,46.72,47.85,46.67,185915200.0
2018-11-16,47.63,48.74,47.37,48.38,47.19,147713200.0
2018-11-19,47.5,47.67,46.25,46.47,45.32,167701200.0
2018-11-20,44.59,45.37,43.88,44.24,43.15,271300800.0
2018-11-21,44.93,45.07,44.14,44.19,43.1,124496800.0
2018-11-23,43.74,44.15,43.03,43.07,42.01,94496000.0
2018-11-26,43.56,43.74,42.56,43.65,42.58,179994000.0
2018-11-27,42.88,43.69,42.72,43.56,42.48,165549600.0
2018-11-28,44.18,45.32,43.73,45.24,44.12,184250000.0
2018-11-29,45.67,45.7,44.42,44.89,43.78,167080000.0
2018-11-30,45.07,45.08,44.26,44.65,43.54,158126000.0
2018-12-03,46.12,46.24,45.3,46.21,45.06,163210000.0
2018-12-04,45.24,45.6,44.07,44.17,43.08,165377200.0
2018-12-06,42.94,43.69,42.6,43.68,42.6,172393600.0
2018-12-07,43.37,43.62,42.08,42.12,41.08,169126400.0
2018-12-10,41.25,42.52,40.83,42.4,41.35,248104000.0
2018-12-11,42.92,42.95,41.75,42.16,41.12,189126800.0
2018-12-12,42.6,42.98,42.26,42.28,41.23,142510800.0
2018-12-13,42.62,43.14,42.39,42.74,41.68,127594400.0
2018-12-14,42.25,42.27,41.32,41.37,40.35,162814800.0
2018-12-17,41.36,42.09,40.68,40.99,39.97,177151600.0
2018-12-18,41.35,41.88,41.1,41.52,40.49,135366000.0
2018-12-19,41.5,41.86,39.77,40.22,39.23,196189200.0
2018-12-20,40.1,40.53,38.83,39.21,38.24,259092000.0
2018-12-21,39.22,39.54,37.41,37.68,36.75,382978400.0
2018-12-24,37.04,37.89,36.65,36.71,35.8,148676800.0
2018-12-26,37.08,39.31,36.68,39.29,38.32,234330000.0
2018-12-27,38.96,39.19,37.52,39.04,38.07,212468400.0
2018-12-28,39.38,39.63,38.64,39.06,38.09,169165600.0
2018-12-31,39.63,39.84,39.12,39.44,38.46,140014000.0
2019-01-02,38.72,39.71,38.56,39.48,38.51,148158800.0
2019-01-03,35.99,36.43,35.5,35.55,34.67,365248800.0
2019-01-04,36.13,37.14,35.95,37.06,36.15,234428400.0
2019-01-07,37.17,37.21,36.47,36.98,36.07,219111200.0
2019-01-08,37.39,37.96,37.13,37.69,36.76,164101200.0
2019-01-09,37.82,38.63,37.41,38.33,37.38,180396400.0
2019-01-10,38.13,38.49,37.72,38.45,37.5,143122800.0
2019-01-11,38.22,38.42,37.88,38.07,37.13,108092800.0
2019-01-14,37.71,37.82,37.31,37.5,36.57,129756800.0
2019-01-15,37.57,38.35,37.51,38.27,37.32,114843600.0
2019-01-16,38.27,38.97,38.25,38.74,37.78,122278800.0
2019-01-17,38.55,39.42,38.31,38.97,38.0,119284800.0
2019-01-18,39.38,39.47,38.99,39.21,38.24,135004000.0
2019-01-22,39.1,39.18,38.15,38.33,37.38,121576000.0
2019-01-23,38.54,38.78,37.92,38.48,37.53,92522400.0
2019-01-24,38.53,38.62,37.94,38.17,37.23,101766000.0
2019-01-25,38.87,39.53,38.58,39.44,38.47,134142000.0
2019-01-28,38.95,39.08,38.42,39.08,38.11,104768400.0
2019-01-29,39.06,39.53,38.53,38.67,37.72,166348800.0
2019-01-30,40.81,41.54,40.06,41.31,40.29,244439200.0
2019-01-31,41.53,42.25,41.14,41.61,40.58,162958400.0
2019-02-01,41.74,42.24,41.48,41.63,40.6,130672400.0
2019-02-04,41.85,42.92,41.82,42.81,41.76,125982000.0
2019-02-05,43.22,43.77,43.09,43.54,42.47,144406400.0
2019-02-06,43.66,43.89,43.21,43.56,42.48,112958400.0
2019-02-07,43.1,43.49,42.58,42.74,41.68,126966800.0
2019-02-08,42.25,42.67,42.1,42.6,41.73,95280000.0
2019-02-11,42.76,42.8,42.31,42.36,41.49,83973600.0
2019-02-12,42.53,42.75,42.42,42.72,41.85,89134000.0
2019-02-13,42.85,43.12,42.48,42.54,41.67,89960800.0
2019-02-14,42.43,42.81,42.35,42.7,41.82,87342800.0
2019-02-15,42.81,42.92,42.44,42.6,41.73,98507200.0
2019-02-19,42.43,42.86,42.37,42.73,41.86,75891200.0
2019-02-20,42.8,43.33,42.75,43.01,42.13,104457600.0
2019-02-21,42.95,43.09,42.58,42.76,41.89,68998800.0
2019-02-22,42.9,43.25,42.85,43.24,42.36,75652800.0
2019-02-25,43.54,43.97,43.49,43.56,42.66,87493600.0
2019-02-26,43.43,43.83,43.29,43.58,42.69,68280800.0
2019-02-27,43.3,43.75,43.18,43.72,42.82,111341600.0
2019-02-28,43.58,43.73,43.23,43.29,42.4,112861600.0
2019-03-01,43.57,43.79,43.22,43.74,42.85,103544800.0
2019-03-04,43.92,44.44,43.49,43.96,43.06,109744800.0
2019-03-05,43.99,44.0,43.63,43.88,42.98,78949600.0
2019-03-06,43.67,43.87,43.49,43.63,42.74,83241600.0
2019-03-07,43.47,43.61,43.01,43.13,42.24,99185600.0
2019-03-08,42.58,43.27,42.38,43.23,42.34,95997600.0
2019-03-11,43.87,44.78,43.84,44.72,43.81,128044000.0
2019-03-12,45.0,45.67,44.84,45.23,44.3,129870400.0
2019-03-13,45.56,45.83,45.23,45.43,44.5,124130000.0
2019-03-14,45.97,46.03,45.64,45.93,44.99,94318000.0
2019-03-15,46.21,46.83,45.94,46.53,45.58,156171600.0
2019-03-18,46.45,47.1,46.45,47.01,46.04,104879200.0
2019-03-19,47.09,47.25,46.48,46.63,45.68,126585600.0
2019-03-20,46.56,47.37,46.18,47.04,46.08,124140800.0
2019-03-21,47.51,49.08,47.45,48.77,47.77,204136800.0
2019-03-22,48.83,49.42,47.69,47.76,46.78,169630800.0
2019-03-25,47.88,47.99,46.65,47.19,46.22,175381200.0
2019-03-26,47.92,48.22,46.15,46.7,45.74,199202000.0
2019-03-27,47.19,47.44,46.64,47.12,46.15,119393600.0
2019-03-28,47.24,47.39,46.88,47.18,46.21,83121600.0
2019-03-29,47.46,47.52,47.13,47.49,46.51,94256000.0
2019-04-01,47.91,47.92,47.1,47.81,46.83,111448000.0
2019-04-02,47.77,48.62,47.76,48.51,47.51,91062800.0
2019-04-03,48.31,49.13,48.29,48.84,47.84,93087200.0
2019-04-04,48.7,49.09,48.28,48.92,47.92,76457200.0
2019-04-05,49.11,49.28,48.98,49.25,48.24,74106400.0
2019-04-08,49.1,50.06,49.08,50.03,49.0,103526800.0
2019-04-09,50.08,50.71,49.81,49.88,48.85,143072800.0
2019-04-10,49.67,50.19,49.54,50.15,49.13,86781200.0
2019-04-11,50.21,50.25,49.61,49.74,48.72,83603200.0
2019-04-12,49.8,50.03,49.05,49.72,48.7,111042800.0
2019-04-15,49.65,49.96,49.5,49.81,48.79,70146400.0
2019-04-16,49.87,50.34,49.64,49.81,48.79,102785600.0
2019-04-17,49.88,50.85,49.65,50.78,49.74,115627200.0
2019-04-18,50.78,51.04,50.63,50.97,49.92,96783200.0
2019-04-22,50.71,51.24,50.58,51.13,50.08,77758000.0
2019-04-23,51.11,51.94,50.97,51.87,50.81,93292000.0
2019-04-24,51.84,52.12,51.76,51.79,50.73,70162400.0
2019-04-25,51.71,51.94,51.28,51.32,50.27,74172800.0
2019-04-26,51.22,51.25,50.53,51.08,50.03,74596400.0
2019-04-29,51.1,51.49,50.97,51.15,50.1,88818800.0
2019-04-30,50.76,50.85,49.78,50.17,49.14,186139600.0
2019-05-01,52.47,53.83,52.31,52.63,51.55,259309200.0
2019-05-02,52.46,53.16,52.03,52.29,51.21,127985200.0
2019-05-03,52.72,52.96,52.56,52.94,51.85,83569600.0
2019-05-06,51.07,52.21,50.88,52.12,51.05,129772400.0
2019-05-07,51.47,51.85,50.21,50.72,49.67,155054800.0
2019-05-08,50.47,51.33,50.44,50.72,49.68,105358000.0
2019-05-09,50.1,50.42,49.17,50.18,49.15,139634400.0
2019-05-10,49.35,49.71,48.19,49.29,48.47,164834800.0
2019-05-13,46.93,47.37,45.71,46.43,45.65,229722400.0
2019-05-14,46.6,47.42,46.35,47.17,46.38,146118800.0
2019-05-15,46.57,47.94,46.51,47.73,46.93,106178800.0
2019-05-16,47.48,48.12,47.21,47.52,46.72,132125600.0
2019-05-17,46.73,47.72,46.69,47.25,46.46,131516400.0
2019-05-20,45.88,46.09,45.07,45.77,45.01,154449200.0
2019-05-21,46.31,47.0,46.17,46.65,45.87,113459200.0
2019-05-22,46.17,46.43,45.64,45.69,44.93,118994400.0
2019-05-23,44.95,45.13,44.45,44.92,44.16,146118800.0
2019-05-24,45.05,45.53,44.65,44.74,43.99,94858800.0
2019-05-28,44.73,45.15,44.48,44.56,43.81,111792800.0
2019-05-29,44.1,44.84,44.0,44.35,43.6,113924800.0
2019-05-30,44.49,44.81,44.17,44.58,43.83,84873600.0
2019-05-31,44.06,44.5,43.75,43.77,43.03,108174400.0
2019-06-03,43.9,44.48,42.57,43.33,42.6,161584400.0
2019-06-04,43.86,44.96,43.63,44.91,44.16,123872000.0
2019-06-05,46.07,46.25,45.28,45.63,44.87,119093600.0
2019-06-06,45.77,46.37,45.54,46.31,45.53,90105200.0
2019-06-07,46.63,47.98,46.44,47.54,46.74,122737600.0
2019-06-10,47.95,48.84,47.9,48.15,47.34,104883600.0
2019-06-11,48.72,49.0,48.4,48.7,47.89,107731600.0
2019-06-12,48.49,48.99,48.35,48.55,47.73,73012800.0
2019-06-13,48.67,49.2,48.4,48.54,47.72,86698400.0
2019-06-14,47.89,48.4,47.58,48.19,47.38,75046000.0
2019-06-17,48.22,48.74,48.04,48.47,47.66,58676400.0
2019-06-18,49.01,50.07,48.8,49.61,48.78,106204000.0
2019-06-19,49.92,49.97,49.33,49.47,48.64,84496800.0
2019-06-20,50.09,50.15,49.51,49.87,49.03,86056000.0
2019-06-21,49.7,50.21,49.54,49.69,48.86,191202400.0
2019-06-24,49.63,50.04,49.54,49.65,48.81,72881600.0
2019-06-25,49.61,49.81,48.82,48.89,48.07,84281200.0
2019-06-26,49.44,50.25,49.34,49.95,49.11,104270000.0
2019-06-27,50.07,50.39,49.89,49.94,49.1,83598800.0
2019-06-28,49.67,49.88,49.26,49.48,48.65,124442400.0
2019-07-01,50.79,51.12,50.16,50.39,49.54,109012000.0
2019-07-02,50.35,50.78,50.34,50.68,49.83,67740800.0
2019-07-03,50.82,51.11,50.67,51.1,50.25,45448000.0
2019-07-05,50.84,51.27,50.72,51.06,50.2,69062000.0
2019-07-08,50.2,50.35,49.6,50.01,49.17,101354400.0
2019-07-09,49.8,50.38,49.7,50.31,49.47,82312000.0
2019-07-10,50.46,50.93,50.39,50.81,49.96,71588400.0
2019-07-11,50.83,51.1,50.43,50.44,49.59,80767200.0
2019-07-12,50.61,51.0,50.55,50.83,49.97,70380800.0
2019-07-15,51.02,51.47,51.0,51.3,50.44,67789600.0
2019-07-16,51.15,51.53,50.88,51.13,50.27,67467200.0
2019-07-17,51.01,51.27,50.82,50.84,49.99,56430000.0
2019-07-18,51.0,51.47,50.92,51.42,50.55,74162400.0
2019-07-19,51.45,51.63,50.59,50.65,49.8,83717200.0
2019-07-22,50.91,51.81,50.9,51.81,50.94,89111600.0
2019-07-23,52.12,52.23,51.82,52.21,51.34,73420800.0
2019-07-24,51.92,52.29,51.79,52.17,51.29,59966400.0
2019-07-25,52.22,52.31,51.68,51.76,50.89,55638400.0
2019-07-26,51.87,52.43,51.78,51.94,51.07,70475600.0
2019-07-29,52.12,52.66,52.11,52.42,51.54,86693600.0
2019-07-30,52.19,52.54,51.83,52.19,51.32,135742800.0
2019-07-31,54.1,55.34,52.83,53.26,52.37,277125600.0
2019-08-01,53.47,54.51,51.69,52.11,51.24,216071600.0
2019-08-02,51.38,51.61,50.41,51.01,50.15,163448400.0
2019-08-05,49.5,49.66,48.15,48.33,47.53,209572000.0
2019-08-06,49.08,49.52,48.51,49.25,48.43,143299200.0
2019-08-07,48.85,49.89,48.46,49.76,48.93,133457600.0
2019-08-08,50.05,50.88,49.85,50.86,50.01,108038000.0
2019-08-09,50.33,50.69,49.82,50.25,49.59,98478800.0
2019-08-12,49.9,50.51,49.79,50.12,49.47,89927600.0
2019-08-13,50.26,53.03,50.12,52.24,51.56,188874000.0
2019-08-14,50.79,51.61,50.65,50.69,50.03,146189600.0
2019-08-15,50.87,51.28,49.92,50.44,49.78,108909600.0
2019-08-16,51.07,51.79,50.96,51.63,50.95,110481600.0
2019-08-19,52.65,53.18,52.51,52.59,51.9,97654400.0
2019-08-20,52.72,53.34,52.58,52.59,51.91,107537200.0
2019-08-21,53.25,53.41,52.9,53.16,52.47,86141600.0
2019-08-22,53.3,53.61,52.69,53.12,52.42,89014800.0
2019-08-23,52.36,53.01,50.25,50.66,50.0,187272000.0
2019-08-26,51.47,51.8,51.26,51.62,50.95,104174400.0
2019-08-27,51.97,52.14,50.88,51.04,50.38,103493200.0
2019-08-28,51.03,51.43,50.83,51.38,50.71,63755200.0
2019-08-29,52.13,52.33,51.67,52.25,51.57,83962000.0
2019-08-30,52.54,52.61,51.8,52.19,51.51,84573600.0
2019-09-03,51.61,51.74,51.06,51.42,50.76,80092000.0
2019-09-04,52.1,52.37,51.83,52.3,51.62,76752400.0
2019-09-05,53.0,53.49,52.88,53.32,52.63,95654800.0
2019-09-06,53.51,53.6,53.13,53.31,52.62,77449200.0
2019-09-09,53.71,54.11,52.77,53.54,52.85,109237600.0
2019-09-10,53.47,54.19,52.93,54.17,53.47,127111600.0
2019-09-11,54.52,55.93,54.43,55.9,55.17,177158400.0
2019-09-12,56.2,56.6,55.72,55.77,55.05,128906800.0
2019-09-13,55.0,55.2,54.26,54.69,53.98,159053200.0
2019-09-16,54.43,55.03,54.39,54.97,54.26,84632400.0
2019-09-17,54.99,55.21,54.78,55.17,54.46,73274800.0
2019-09-18,55.26,55.71,54.86,55.69,54.97,101360000.0
2019-09-19,55.5,55.94,55.09,55.24,54.52,88242400.0
2019-09-20,55.35,55.64,54.37,54.43,53.72,221652400.0
2019-09-23,54.74,54.96,54.41,54.68,53.97,76662000.0
2019-09-24,55.26,55.62,54.3,54.42,53.71,124763200.0
2019-09-25,54.64,55.38,54.28,55.26,54.54,87613600.0
2019-09-26,55.0,55.24,54.71,54.97,54.26,75334000.0
2019-09-27,55.13,55.24,54.32,54.71,53.99,101408000.0
2019-09-30,55.22,56.15,55.2,55.99,55.26,103909600.0
2019-10-01,56.27,57.06,56.05,56.15,55.42,139223200.0
2019-10-02,55.76,55.9,54.48,54.74,54.03,138449200.0
2019-10-03,54.61,55.24,53.78,55.21,54.49,114426000.0
2019-10-04,56.41,56.87,55.97,56.75,56.01,138478800.0
2019-10-07,56.57,57.48,56.46,56.76,56.03,122306000.0
2019-10-08,56.46,57.01,56.08,56.1,55.37,111820000.0
2019-10-09,56.76,56.95,56.41,56.76,56.02,74770400.0
2019-10-10,56.98,57.61,56.83,57.52,56.77,113013600.0
2019-10-11,58.24,59.41,58.08,59.05,58.28,166795600.0
2019-10-14,58.72,59.53,58.67,58.97,58.2,96427600.0
2019-10-15,59.1,59.41,58.72,58.83,58.06,87360000.0
2019-10-16,58.34,58.81,58.3,58.59,57.83,73903200.0
2019-10-17,58.77,59.04,58.38,58.82,58.06,67585200.0
2019-10-18,58.65,59.4,58.57,59.1,58.33,97433600.0
2019-10-21,59.38,60.25,59.33,60.13,59.35,87247200.0
2019-10-22,60.29,60.55,59.9,59.99,59.21,82293600.0
2019-10-23,60.53,60.81,60.31,60.79,60.0,75828800.0
2019-10-24,61.13,61.2,60.45,60.9,60.1,69275200.0
2019-10-25,60.79,61.68,60.72,61.65,60.84,73477200.0
2019-10-28,61.85,62.31,61.68,62.26,61.45,96572800.0
2019-10-29,62.24,62.44,60.64,60.82,60.03,142839600.0
2019-10-30,61.19,61.33,60.3,60.81,60.02,124522000.0
2019-10-31,61.81,62.29,59.31,62.19,61.38,139162000.0
2019-11-01,62.38,63.98,62.29,63.96,63.12,151125200.0
2019-11-04,64.33,64.46,63.85,64.38,63.54,103272000.0
2019-11-05,64.26,64.55,64.08,64.28,63.45,79897600.0
2019-11-06,64.19,64.37,63.84,64.31,63.47,75864400.0
2019-11-07,64.68,65.09,64.53,64.86,64.21,94940400.0
2019-11-08,64.67,65.11,64.21,65.04,64.38,69986400.0
2019-11-11,64.57,65.62,64.57,65.55,64.89,81821200.0
2019-11-12,65.39,65.7,65.23,65.49,64.83,87388800.0
2019-11-13,65.28,66.19,65.27,66.12,65.45,102734400.0
2019-11-14,65.94,66.22,65.53,65.66,65.0,89182800.0
2019-11-15,65.92,66.44,65.75,66.44,65.77,100206400.0
2019-11-18,66.45,66.86,66.06,66.78,66.1,86703200.0
2019-11-19,66.97,67.0,66.35,66.57,65.9,76167200.0
2019-11-20,66.39,66.52,65.1,65.8,65.14,106234400.0
2019-11-21,65.92,66.0,65.29,65.5,64.84,121395200.0
2019-11-22,65.65,65.79,65.21,65.44,64.79,65325200.0
2019-11-25,65.68,66.61,65.63,66.59,65.92,84020400.0
2019-11-26,66.74,66.79,65.63,66.07,65.41,105207600.0
2019-11-27,66.39,67.0,66.33,66.96,66.29,65235600.0
2019-11-29,66.65,67.0,66.47,66.81,66.14,46617600.0
2019-12-02,66.82,67.06,65.86,66.04,65.38,94487200.0
2019-12-03,64.58,64.88,64.07,64.86,64.21,114430400.0
2019-12-04,65.27,65.83,65.17,65.43,64.78,67181600.0
2019-12-05,65.95,66.47,65.68,66.39,65.73,74424400.0
2019-12-06,66.87,67.75,66.82,67.68,67.0,106075600.0
2019-12-09,67.5,67.7,66.23,66.73,66.06,128042400.0
2019-12-10,67.15,67.52,66.46,67.12,66.45,90420400.0
2019-12-11,67.2,67.78,67.13,67.69,67.01,78756800.0
2019-12-12,66.94,68.14,66.83,67.86,67.18,137310400.0
2019-12-13,67.86,68.82,67.73,68.79,68.1,133587600.0
2019-12-16,69.25,70.2,69.25,69.96,69.26,128186000.0
2019-12-17,69.89,70.44,69.7,70.1,69.4,114158400.0
2019-12-18,69.95,70.47,69.78,69.93,69.23,116028400.0
2019-12-19,69.88,70.29,69.74,70.0,69.3,98369200.0
2019-12-20,70.56,70.66,69.64,69.86,69.16,275978000.0
2019-12-23,70.13,71.06,70.09,71.0,70.29,98572000.0
2019-12-24,71.17,71.22,70.73,71.07,70.35,48478800.0
2019-12-26,71.21,72.5,71.18,72.48,71.75,93121200.0
2019-12-27,72.78,73.49,72.03,72.45,71.72,146266000.0
2019-12-30,72.36,73.17,71.31,72.88,72.15,144114400.0
2019-12-31,72.48,73.42,72.38,73.41,72.68,100805600.0
2020-01-02,74.06,75.15,73.8,75.09,74.33,135480400.0
2020-01-03,74.29,75.14,74.13,74.36,73.61,146322800.0
2020-01-06,73.45,74.99,73.19,74.95,74.2,118387200.0
2020-01-07,74.96,75.22,74.37,74.6,73.85,108872000.0
2020-01-08,74.29,76.11,74.29,75.8,75.04,132079200.0
2020-01-09,76.81,77.61,76.55,77.41,76.63,170108400.0
2020-01-10,77.65,78.17,77.06,77.58,76.8,140644800.0
2020-01-13,77.91,79.27,77.79,79.24,78.44,121532000.0
2020-01-14,79.18,79.39,78.04,78.17,77.39,161954400.0
2020-01-15,77.96,78.88,77.39,77.83,77.05,121923600.0
2020-01-16,78.4,78.93,78.02,78.81,78.02,108829200.0
2020-01-17,79.07,79.68,78.75,79.68,78.88,137816400.0
2020-01-21,79.3,79.75,79.0,79.14,78.35,110843200.0
2020-01-22,79.64,80.0,79.33,79.43,78.63,101832400.0
2020-01-23,79.48,79.89,78.91,79.81,79.01,104472000.0
2020-01-24,80.06,80.83,79.38,79.58,78.78,146537600.0
2020-01-27,77.51,77.94,76.22,77.24,76.46,161940000.0
2020-01-28,78.15,79.6,78.05,79.42,78.62,162234000.0
2020-01-29,81.11,81.96,80.35,81.08,80.27,216229200.0
2020-01-30,80.14,81.02,79.69,80.97,80.15,126743200.0
2020-01-31,80.23,80.67,77.07,77.38,76.6,199588400.0
2020-02-03,76.07,78.37,75.56,77.17,76.39,173985600.0
2020-02-04,78.83,79.91,78.41,79.71,78.91,136616400.0
2020-02-05,80.88,81.19,79.74,80.36,79.56,118826800.0
2020-02-06,80.64,81.31,80.07,81.3,80.49,105425600.0
2020-02-07,80.59,80.85,79.5,80.01,79.39,117684000.0
2020-02-10,78.54,80.39,78.46,80.39,79.77,109348800.0
2020-02-11,80.9,80.97,79.68,79.9,79.29,94323200.0
2020-02-12,80.37,81.81,80.37,81.8,81.17,113730400.0
2020-02-13,81.05,81.56,80.84,81.22,80.59,94747600.0
2020-02-14,81.18,81.5,80.71,81.24,80.61,80113600.0
2020-02-18,78.84,79.94,78.65,79.75,79.14,152531200.0
2020-02-19,80.0,81.14,80.0,80.9,80.28,93984000.0
2020-02-20,80.66,81.16,79.55,80.07,79.46,100566000.0
2020-02-21,79.65,80.11,77.63,78.26,77.66,129554000.0
2020-02-24,74.32,76.04,72.31,74.54,73.97,222195200.0
2020-02-25,75.24,75.63,71.53,72.02,71.47,230673600.0
2020-02-26,71.63,74.47,71.63,73.16,72.6,198054800.0
2020-02-27,70.28,71.5,68.24,68.38,67.85,320605600.0
2020-02-28,64.32,69.6,64.09,68.34,67.81,426884800.0
2020-03-02,70.57,75.36,69.43,74.7,74.13,341397200.0
2020-03-03,75.92,76.0,71.45,72.33,71.77,319475600.0
2020-03-04,74.11,75.85,73.28,75.68,75.1,219178400.0
2020-03-05,73.88,74.89,72.85,73.23,72.67,187572800.0
2020-03-06,70.5,72.71,70.31,72.26,71.7,226176800.0
2020-03-09,65.94,69.52,65.75,66.54,66.03,286744800.0
2020-03-10,69.29,71.61,67.34,71.33,70.79,285290000.0
2020-03-11,69.35,70.31,67.96,68.86,68.33,255598800.0
2020-03-12,63.99,67.5,62.0,62.06,61.58,418474000.0
2020-03-13,66.22,69.98,63.24,69.49,68.96,370732000.0
2020-03-16,60.49,64.77,60.0,60.55,60.09,322423600.0
2020-03-17,61.88,64.4,59.6,63.22,62.73,324056000.0
2020-03-18,59.94,62.5,59.28,61.67,61.19,300233600.0
2020-03-19,61.85,63.21,60.65,61.19,60.72,271857200.0
2020-03-20,61.79,62.96,57.0,57.31,56.87,401693200.0
2020-03-23,57.02,57.13,53.15,56.09,55.66,336752800.0
2020-03-24,59.09,61.92,58.58,61.72,61.25,287531200.0
2020-03-25,62.69,64.56,61.08,61.38,60.91,303602000.0
2020-03-26,61.63,64.67,61.59,64.61,64.11,252087200.0
2020-03-27,63.19,63.97,61.76,61.94,61.46,204216800.0
2020-03-30,62.69,63.88,62.35,63.7,63.21,167976400.0
2020-03-31,63.9,65.62,63.0,63.57,63.08,197002000.0
2020-04-01,61.63,62.18,59.78,60.23,59.76,176218400.0
2020-04-02,60.08,61.29,59.22,61.23,60.76,165934000.0
2020-04-03,60.7,61.42,59.74,60.35,59.89,129880000.0
2020-04-06,62.72,65.78,62.35,65.62,65.11,201820400.0
2020-04-07,67.7,67.93,64.75,64.86,64.36,202887200.0
2020-04-08,65.68,66.84,65.31,66.52,66.01,168895200.0
2020-04-09,67.18,67.52,66.18,67.0,66.48,162116400.0
2020-04-13,67.08,68.43,66.46,68.31,67.79,131022800.0
2020-04-14,70.0,72.06,69.51,71.76,71.21,194994800.0
2020-04-15,70.6,71.58,70.16,71.11,70.56,131154400.0
2020-04-16,71.85,72.05,70.59,71.67,71.12,157125200.0
2020-04-17,71.17,71.74,69.21,70.7,70.16,215250000.0
2020-04-20,69.49,70.42,69.21,69.23,68.7,130015200.0
2020-04-21,69.07,69.31,66.36,67.09,66.58,180991600.0
2020-04-22,68.4,69.47,68.05,69.03,68.49,117057200.0
2020-04-23,68.97,70.44,68.72,68.76,68.23,124814400.0
2020-04-24,69.3,70.75,69.25,70.74,70.2,126508800.0
2020-04-27,70.45,71.14,69.99,70.79,70.25,117087600.0
2020-04-28,71.27,71.46,69.55,69.64,69.11,112004800.0
2020-04-29,71.18,72.42,70.97,71.93,71.38,137280800.0
2020-04-30,72.49,73.63,72.09,73.45,72.89,183064000.0
2020-05-01,71.56,74.75,71.46,72.27,71.71,240616800.0
2020-05-04,72.29,73.42,71.58,73.29,72.73,133568000.0
2020-05-05,73.76,75.25,73.61,74.39,73.82,147751200.0
2020-05-06,75.11,75.81,74.72,75.16,74.58,142333600.0
2020-05-07,75.81,76.29,75.49,75.93,75.35,115215200.0
2020-05-08,76.41,77.59,76.07,77.53,77.14,134048000.0
2020-05-11,77.03,79.26,76.81,78.75,78.36,145946400.0
2020-05-12,79.46,79.92,77.73,77.85,77.46,162301200.0
2020-05-13,78.04,78.99,75.8,76.91,76.53,200622400.0
2020-05-14,76.13,77.45,75.38,77.39,77.0,158929200.0
2020-05-15,75.09,76.97,75.05,76.93,76.54,166348400.0
2020-05-18,78.29,79.13,77.58,78.74,78.35,135372400.0
2020-05-19,78.76,79.63,78.25,78.29,77.89,101729600.0
2020-05-20,79.17,79.88,79.13,79.81,79.41,111504800.0
2020-05-21,79.67,80.22,78.97,79.21,78.82,102688800.0
2020-05-22,78.94,79.81,78.84,79.72,79.32,81803200.0
2020-05-26,80.88,81.06,79.13,79.18,78.79,125522000.0
2020-05-27,79.04,79.68,78.27,79.53,79.13,112945200.0
2020-05-28,79.19,80.86,78.91,79.56,79.16,133560800.0
2020-05-29,79.81,80.29,79.12,79.49,79.09,153598000.0
2020-06-01,79.44,80.59,79.3,80.46,80.06,80791200.0
2020-06-02,80.19,80.86,79.73,80.83,80.43,87642800.0
2020-06-03,81.17,81.55,80.57,81.28,80.87,104491200.0
2020-06-04,81.1,81.4,80.19,80.58,80.18,87560400.0
2020-06-05,80.84,82.94,80.81,82.88,82.46,137250400.0
2020-06-08,82.56,83.4,81.83,83.36,82.95,95654400.0
2020-06-09,83.04,86.4,83.0,86.0,85.57,147712400.0
2020-06-10,86.97,88.69,86.52,88.21,87.77,166651600.0
2020-06-11,87.33,87.76,83.87,83.97,83.55,201662400.0
2020-06-12,86.18,86.95,83.56,84.7,84.28,200146000.0
2020-06-15,83.31,86.42,83.14,85.75,85.32,138808800.0
2020-06-16,87.86,88.3,86.18,88.02,87.58,165428800.0
2020-06-17,88.79,88.85,87.77,87.9,87.46,114406400.0
2020-06-18,87.85,88.36,87.31,87.93,87.49,96820400.0
2020-06-19,88.66,89.14,86.29,87.43,86.99,264476000.0
2020-06-22,87.83,89.86,87.79,89.72,89.27,135445200.0
2020-06-23,91.0,93.1,90.57,91.63,91.17,212155600.0
2020-06-24,91.25,92.2,89.63,90.01,89.56,192623200.0
2020-06-25,90.18,91.25,89.39,91.21,90.75,137522400.0
2020-06-26,91.1,91.33,88.25,88.41,87.96,205256800.0
2020-06-29,88.31,90.54,87.82,90.44,89.99,130646000.0
2020-06-30,90.02,91.5,90.0,91.2,90.74,140223200.0
2020-07-01,91.28,91.84,90.98,91.03,90.57,110737200.0
2020-07-02,91.96,92.62,90.91,91.03,90.57,114041600.0
2020-07-06,92.5,93.94,92.47,93.46,92.99,118655600.0
2020-07-07,93.85,94.65,93.06,93.17,92.71,112424400.0
2020-07-08,94.18,95.38,94.09,95.34,94.87,117092000.0
2020-07-09,96.26,96.32,94.67,95.75,95.27,125642800.0
2020-07-10,95.33,95.98,94.71,95.92,95.44,90257200.0
2020-07-13,97.26,99.96,95.26,95.48,95.0,191649200.0
2020-07-14,94.84,97.25,93.88,97.06,96.57,170989200.0
2020-07-15,98.99,99.25,96.49,97.72,97.24,153198000.0
2020-07-16,96.56,97.4,95.9,96.52,96.04,110577600.0
2020-07-17,96.99,97.15,95.84,96.33,95.85,92186800.0
2020-07-20,96.42,98.5,96.06,98.36,97.87,90318000.0
2020-07-21,99.17,99.25,96.74,97.0,96.51,103646000.0
2020-07-22,96.69,97.97,96.6,97.27,96.79,89001600.0
2020-07-23,97.0,97.08,92.01,92.85,92.38,197004400.0
2020-07-24,90.99,92.97,89.14,92.61,92.15,185438800.0
2020-07-27,93.71,94.9,93.48,94.81,94.34,121214000.0
2020-07-28,94.37,94.55,93.25,93.25,92.79,103625600.0
2020-07-29,93.75,95.23,93.71,95.04,94.56,90329200.0
2020-07-30,94.19,96.3,93.77,96.19,95.71,158130000.0
2020-07-31,102.89,106.42,100.82,106.26,105.73,374336800.0
2020-08-03,108.2,111.64,107.89,108.94,108.39,308151200.0
2020-08-04,109.13,110.79,108.39,109.67,109.12,173071600.0
2020-08-05,109.38,110.39,108.9,110.06,109.51,121992000.0
2020-08-06,110.4,114.41,109.8,113.9,113.33,202428800.0
2020-08-07,113.21,113.68,110.29,111.11,110.76,198045600.0
2020-08-10,112.6,113.78,110.0,112.73,112.37,212403600.0
2020-08-11,111.97,112.48,109.11,109.38,109.02,187902400.0
2020-08-12,110.5,113.28,110.3,113.01,112.65,165944800.0
2020-08-13,114.43,116.04,113.93,115.01,114.64,210082000.0
2020-08-14,114.83,115.0,113.04,114.91,114.54,165565200.0
2020-08-17,116.06,116.09,113.96,114.61,114.24,119561600.0
2020-08-18,114.35,116.0,114.01,115.56,115.19,105633600.0
2020-08-19,115.98,117.16,115.61,115.71,115.34,145538000.0
2020-08-20,115.75,118.39,115.73,118.28,117.9,126907200.0
2020-08-21,119.26,124.87,119.25,124.37,123.97,338054800.0
2020-08-24,128.7,128.79,123.94,125.86,125.45,345937600.0
2020-08-25,124.7,125.18,123.05,124.82,124.42,211495600.0
2020-08-26,126.18,126.99,125.08,126.52,126.12,163022400.0
2020-08-27,127.14,127.49,123.83,125.01,124.61,155552400.0
2020-08-28,126.01,126.44,124.58,124.81,124.41,187630000.0
2020-08-31,127.58,131.0,126.0,129.04,128.63,225702700.0
2020-09-01,132.76,134.8,130.53,134.18,133.75,152470100.0
2020-09-02,137.59,137.98,127.0,131.4,130.98,200119000.0
2020-09-03,126.91,128.84,120.5,120.88,120.49,257599600.0
2020-09-04,120.07,123.7,110.89,120.96,120.57,332607200.0
2020-09-08,113.95,118.99,112.68,112.82,112.46,231366600.0
2020-09-09,117.26,119.14,115.26,117.32,116.94,176940500.0
2020-09-10,120.36,120.5,112.5,113.49,113.13,182274400.0
2020-09-11,114.57,115.23,110.0,112.0,111.64,180860300.0
2020-09-14,114.72,115.93,112.8,115.36,114.99,140150100.0
2020-09-15,118.33,118.83,113.61,115.54,115.17,184642000.0
2020-09-16,115.23,116.0,112.04,112.13,111.77,154679000.0
2020-09-17,109.72,112.2,108.71,110.34,109.99,178011000.0
2020-09-18,110.4,110.88,106.09,106.84,106.5,287104900.0
2020-09-21,104.54,110.19,103.1,110.08,109.73,195713800.0
2020-09-22,112.68,112.86,109.16,111.81,111.45,183055400.0
2020-09-23,111.62,112.11,106.77,107.12,106.78,150718700.0
2020-09-24,105.17,110.25,105.0,108.22,107.87,167743300.0
2020-09-25,108.43,112.44,107.67,112.28,111.92,149981400.0
2020-09-28,115.01,115.32,112.78,114.96,114.59,137672400.0
2020-09-29,114.55,115.31,113.57,114.09,113.72,99382200.0
2020-09-30,113.79,117.26,113.62,115.81,115.44,142675200.0
2020-10-01,117.64,117.72,115.83,116.79,116.41,116120400.0
2020-10-02,112.89,115.37,112.22,113.02,112.66,144712000.0
2020-10-05,113.91,116.65,113.55,116.5,116.13,106243800.0
2020-10-06,115.7,116.12,112.25,113.16,112.8,161498200.0
2020-10-07,114.62,115.55,114.13,115.08,114.71,96849000.0
2020-10-08,116.25,116.4,114.59,114.97,114.6,83477200.0
2020-10-09,115.28,117.0,114.92,116.97,116.59,100506900.0
2020-10-12,120.06,125.18,119.28,124.4,124.0,240226800.0
2020-10-13,125.27,125.39,119.65,121.1,120.71,262330500.0
2020-10-14,121.0,123.03,119.62,121.19,120.8,151062300.0
2020-10-15,118.72,121.2,118.15,120.71,120.32,112559200.0
2020-10-16,121.28,121.55,118.81,119.02,118.64,115393800.0
2020-10-19,119.96,120.42,115.66,115.98,115.61,120639300.0
2020-10-20,116.2,118.98,115.63,117.51,117.13,124423700.0
2020-10-21,116.67,118.71,116.45,116.87,116.49,89946000.0
2020-10-22,117.45,118.04,114.59,115.75,115.38,101988000.0
2020-10-23,116.39,116.55,114.28,115.04,114.67,82572600.0
2020-10-26,114.01,116.55,112.88,115.05,114.68,111850700.0
2020-10-27,115.49,117.28,114.54,116.6,116.23,92276800.0
2020-10-28,115.05,115.43,111.1,111.2,110.84,143937800.0
2020-10-29,112.37,116.93,112.2,115.32,114.95,146129200.0
2020-10-30,111.06,111.99,107.72,108.86,108.51,190272600.0
2020-11-02,109.11,110.68,107.32,108.77,108.42,122866900.0
2020-11-03,109.66,111.49,108.73,110.44,110.09,107624400.0
2020-11-04,114.14,115.59,112.35,114.95,114.58,138235500.0
2020-11-05,117.95,119.62,116.87,119.03,118.65,126387100.0
2020-11-06,118.32,119.2,116.13,118.69,118.51,114457900.0
2020-11-09,120.5,121.99,116.05,116.32,116.15,154515300.0
2020-11-10,115.55,117.59,114.13,115.97,115.8,138023400.0
2020-11-11,117.19,119.63,116.44,119.49,119.31,112295000.0
2020-11-12,119.62,120.53,118.57,119.21,119.03,103162300.0
2020-11-13,119.44,119.67,117.87,119.26,119.08,81581900.0
2020-11-16,118.92,120.99,118.15,120.3,120.12,91183000.0
2020-11-17,119.55,120.67,118.96,119.39,119.21,74271000.0
2020-11-18,118.61,119.82,118.0,118.03,117.85,76322100.0
2020-11-19,117.59,119.06,116.81,118.64,118.46,74113000.0
2020-11-20,118.64,118.77,117.29,117.34,117.16,73604300.0
2020-11-23,117.18,117.62,113.75,113.85,113.68,127959300.0
2020-11-24,113.91,115.85,112.59,115.17,115.0,113874200.0
2020-11-25,115.55,116.75,115.17,116.03,115.86,76499200.0
2020-11-27,116.57,117.49,116.22,116.59,116.42,46691300.0
2020-11-30,116.97,120.97,116.81,119.05,118.87,169410200.0
2020-12-01,121.01,123.47,120.01,122.72,122.54,128166800.0
2020-12-02,122.02,123.37,120.89,123.08,122.9,89004200.0
2020-12-03,123.52,123.78,122.21,122.94,122.76,78967600.0
2020-12-04,122.6,122.86,121.52,122.25,122.07,78260400.0
2020-12-07,122.31,124.57,122.25,123.75,123.57,86712000.0
2020-12-08,124.37,124.98,123.09,124.38,124.19,82225500.0
2020-12-09,124.53,125.95,121.0,121.78,121.6,115089200.0
2020-12-10,120.5,123.87,120.15,123.24,123.06,81312200.0
2020-12-11,122.43,122.76,120.55,122.41,122.23,86939800.0
2020-12-14,122.6,123.35,121.54,121.78,121.6,79184500.0
2020-12-15,124.34,127.9,124.13,127.88,127.69,157572300.0
2020-12-16,127.41,128.37,126.56,127.81,127.62,98208600.0
2020-12-17,128.9,129.58,128.04,128.7,128.51,94359800.0
2020-12-18,128.96,129.1,126.12,126.66,126.47,192541500.0
2020-12-21,125.02,128.31,123.45,128.23,128.04,121251600.0
2020-12-22,131.61,134.41,129.65,131.88,131.68,168904800.0
2020-12-23,132.16,132.43,130.78,130.96,130.76,88223700.0
2020-12-24,131.32,133.46,131.1,131.97,131.77,54930100.0
2020-12-28,133.99,137.34,133.51,136.69,136.49,124486200.0
2020-12-29,138.05,138.79,134.34,134.87,134.67,121047300.0
2020-12-30,135.58,135.99,133.4,133.72,133.52,96452100.0
2020-12-31,134.08,134.74,131.72,132.69,132.49,99116600.0
2021-01-04,133.52,133.61,126.76,129.41,129.22,143301900.0
2021-01-05,128.89,131.74,128.43,131.01,130.81,97664900.0
2021-01-06,127.72,131.05,126.38,126.6,126.41,155088000.0
2021-01-07,128.36,131.63,127.86,130.92,130.72,109578200.0
2021-01-08,132.43,132.63,130.23,132.05,131.85,105158200.0
2021-01-11,129.19,130.17,128.5,128.98,128.79,100620900.0
2021-01-12,128.5,129.69,126.86,128.8,128.61,91951100.0
2021-01-13,128.76,131.45,128.49,130.89,130.69,88636800.0
2021-01-14,130.8,131.0,128.76,128.91,128.72,90221800.0
2021-01-15,128.78,130.22,127.0,127.14,126.95,111598500.0
2021-01-19,127.78,128.71,126.94,127.83,127.64,90757300.0
2021-01-20,128.66,132.49,128.55,132.03,131.83,104319500.0
2021-01-21,133.8,139.67,133.59,136.87,136.67,120529500.0
2021-01-22,136.28,139.85,135.02,139.07,138.86,114459400.0
2021-01-25,143.07,145.09,136.54,142.92,142.71,157611700.0
2021-01-26,143.6,144.3,141.37,143.16,142.95,98390600.0
2021-01-27,143.43,144.3,140.41,142.06,141.85,140843800.0
2021-01-28,139.52,141.99,136.7,137.09,136.89,142621100.0
2021-01-29,135.83,136.74,130.21,131.96,131.76,177180600.0
2021-02-01,133.75,135.38,130.93,134.14,133.94,106239800.0
2021-02-02,135.73,136.31,134.61,134.99,134.79,83305400.0
2021-02-03,135.76,135.77,133.61,133.94,133.74,89880900.0
2021-02-04,136.3,137.4,134.59,137.39,137.18,84183100.0
2021-02-05,137.35,137.42,135.86,136.76,136.76,75524000.0
2021-02-08,136.03,136.96,134.92,136.91,136.91,71297200.0
2021-02-09,136.62,137.88,135.85,136.01,136.01,76774200.0
2021-02-10,136.48,136.99,134.4,135.39,135.39,73046600.0
2021-02-11,135.9,136.39,133.77,135.13,135.13,64154400.0
2021-02-12,134.35,135.53,133.69,135.37,135.37,60029300.0
2021-02-16,135.49,136.01,132.79,133.19,133.19,80206200.0
2021-02-17,131.25,132.22,129.47,130.84,130.84,97918500.0
2021-02-18,129.2,130.0,127.41,129.71,129.71,96648100.0
2021-02-19,130.24,130.71,128.8,129.87,129.87,87525900.0
2021-02-22,128.01,129.72,125.6,126.0,126.0,103607600.0
2021-02-23,123.76,126.71,118.39,125.86,125.86,157859100.0
2021-02-24,124.94,125.56,122.23,125.35,125.35,110691500.0
2021-02-25,124.68,126.46,120.54,120.99,120.99,147306500.0
2021-02-26,122.59,124.85,121.2,121.26,121.26,164320000.0
